2026-07-23 05:17:53,300 [main ] INFO  Constant - Copying default configuration to /tmp/dast-output-1636226528/config.xml
2026-07-23 05:17:53,423 [main ] INFO  Constant - Creating directory /tmp/dast-output-1636226528/session
2026-07-23 05:17:53,424 [main ] INFO  Constant - Creating directory /tmp/dast-output-1636226528/dirbuster
2026-07-23 05:17:53,425 [main ] INFO  Constant - Creating directory /tmp/dast-output-1636226528/fuzzers
2026-07-23 05:17:53,426 [main ] INFO  Constant - Creating directory /tmp/dast-output-1636226528/plugin
2026-07-23 05:17:53,503 [main ] WARN  ZapBootstrap - ZAP is being run using the root user - this is NOT recommended!
2026-07-23 05:17:53,543 [main ] INFO  CommandLineBootstrap - ZAP D-2026-07-06 started 23/07/2026, 05:17:53 with home: /tmp/dast-output-1636226528/ cores: 16 maxMemory: 3 GB
2026-07-23 05:17:53,595 [main ] INFO  AbstractParam - Setting config alert.systemicLimit = 5 was null
2026-07-23 05:17:57,095 [main ] INFO  ExtensionFactory - Installed add-ons: [[id=accessControl, version=14.0.0], [id=alertFilters, version=27.0.0], [id=ascanrules, version=84.0.0], [id=authhelper, version=0.41.0], [id=automation, version=0.61.0], [id=bruteforce, version=21.0.0], [id=callhome, version=0.23.0], [id=client, version=0.30.0], [id=commonlib, version=1.43.0], [id=coreLang, version=16.0.0], [id=custompayloads, version=0.16.0], [id=database, version=0.10.0], [id=diff, version=19.0.0], [id=directorylistv1, version=10.0.0], [id=domxss, version=25.0.0], [id=encoder, version=1.10.0], [id=exim, version=0.21.0], [id=formhandler, version=6.9.0], [id=gettingStarted, version=21.0.0], [id=graaljs, version=0.15.0], [id=graphql, version=0.34.0], [id=grpc, version=0.3.0], [id=help, version=23.0.0], [id=httpsInfo, version=17.0.0], [id=hud, version=0.20.0], [id=insights, version=0.6.0], [id=invoke, version=18.0.0], [id=mcp, version=0.3.0], [id=network, version=0.29.0], [id=oast, version=0.25.0], [id=onlineMenu, version=16.0.0], [id=openapi, version=57.0.0], [id=params, version=0.1.0], [id=plugnhack, version=14.0.0], [id=postman, version=0.10.0], [id=pscan, version=0.7.0], [id=pscanrules, version=75.0.0], [id=quickstart, version=58.0.0], [id=replacer, version=23.0.0], [id=reports, version=0.46.0], [id=requester, version=7.11.0], [id=retest, version=0.12.0], [id=retire, version=0.62.0], [id=reveal, version=11.0.0], [id=scanpolicies, version=0.9.0], [id=scripts, version=45.19.0], [id=selenium, version=15.52.0], [id=sequence, version=11.0.0], [id=soap, version=32.0.0], [id=spider, version=0.21.0], [id=spiderAjax, version=23.32.0], [id=sse, version=13.0.0], [id=tips, version=17.0.0], [id=webdriverlinux, version=207.0.0], [id=webdrivermacos, version=207.0.0], [id=webdriverwindows, version=208.0.0], [id=websocket, version=38.0.0], [id=zest, version=48.14.0]]
2026-07-23 05:17:57,096 [main ] INFO  ExtensionFactory - Loading extensions
2026-07-23 05:17:57,649 [main ] INFO  TlsUtils - Using supported SSL/TLS protocols: [TLSv1.2, TLSv1.3]
2026-07-23 05:17:57,925 [main ] INFO  ExtensionFactory - Extensions loaded
2026-07-23 05:17:58,380 [main ] INFO  FlywayExecutor - Database: jdbc:hsqldb:file:/tmp/dast-output-1636226528/session/untitled1 (HSQL Database Engine 2.7)
2026-07-23 05:17:58,452 [main ] INFO  JdbcTableSchemaHistory - Schema history table "PUBLIC"."PARAMS_FLYWAY_SCHEMA_HISTORY" does not exist yet
2026-07-23 05:17:58,455 [main ] INFO  DbValidate - Successfully validated 1 migration (execution time 00:00.018s)
2026-07-23 05:17:58,466 [main ] INFO  JdbcTableSchemaHistory - Creating Schema History table "PUBLIC"."PARAMS_FLYWAY_SCHEMA_HISTORY" with baseline ...
2026-07-23 05:17:58,531 [main ] INFO  DbBaseline - Successfully baselined schema with version: 0
2026-07-23 05:17:58,558 [main ] INFO  DbMigrate - Current version of schema "PUBLIC": 0
2026-07-23 05:17:58,580 [main ] INFO  DbMigrate - Migrating schema "PUBLIC" to version "1 - Create addon params"
2026-07-23 05:17:58,607 [main ] INFO  DbMigrate - Successfully applied 1 migration to schema "PUBLIC", now at version v1 (execution time 00:00.011s)
2026-07-23 05:17:59,116 [main ] INFO  FlywayExecutor - Database: jdbc:hsqldb:file:/tmp/dast-output-1636226528/session/untitled1 (HSQL Database Engine 2.7)
2026-07-23 05:17:59,127 [main ] INFO  JdbcTableSchemaHistory - Schema history table "PUBLIC"."SCRIPTS_FLYWAY_SCHEMA_HISTORY" does not exist yet
2026-07-23 05:17:59,128 [main ] INFO  DbValidate - Successfully validated 1 migration (execution time 00:00.005s)
2026-07-23 05:17:59,134 [main ] INFO  JdbcTableSchemaHistory - Creating Schema History table "PUBLIC"."SCRIPTS_FLYWAY_SCHEMA_HISTORY" with baseline ...
2026-07-23 05:17:59,146 [main ] INFO  DbBaseline - Successfully baselined schema with version: 0
2026-07-23 05:17:59,152 [main ] INFO  DbMigrate - Current version of schema "PUBLIC": 0
2026-07-23 05:17:59,171 [main ] INFO  DbMigrate - Migrating schema "PUBLIC" to version "1 - Create scripts run tables"
2026-07-23 05:17:59,187 [main ] INFO  DbMigrate - Successfully applied 1 migration to schema "PUBLIC", now at version v1 (execution time 00:00.007s)
2026-07-23 05:17:59,345 [main ] INFO  FlywayExecutor - Database: jdbc:hsqldb:file:/tmp/dast-output-1636226528/session/untitled1 (HSQL Database Engine 2.7)
2026-07-23 05:17:59,356 [main ] INFO  JdbcTableSchemaHistory - Schema history table "PUBLIC"."CLIENT_FLYWAY_SCHEMA_HISTORY" does not exist yet
2026-07-23 05:17:59,357 [main ] INFO  DbValidate - Successfully validated 1 migration (execution time 00:00.004s)
2026-07-23 05:17:59,362 [main ] INFO  JdbcTableSchemaHistory - Creating Schema History table "PUBLIC"."CLIENT_FLYWAY_SCHEMA_HISTORY" with baseline ...
2026-07-23 05:17:59,375 [main ] INFO  DbBaseline - Successfully baselined schema with version: 0
2026-07-23 05:17:59,380 [main ] INFO  DbMigrate - Current version of schema "PUBLIC": 0
2026-07-23 05:17:59,391 [main ] INFO  DbMigrate - Migrating schema "PUBLIC" to version "1 - Create history table"
2026-07-23 05:17:59,405 [main ] INFO  DbMigrate - Successfully applied 1 migration to schema "PUBLIC", now at version v1 (execution time 00:00.007s)
2026-07-23 05:18:00,291 [main ] INFO  ExtensionLoader - Initializing Auto-update Extension - Allows ZAP to check for updates
2026-07-23 05:18:00,293 [main ] INFO  ExtensionLoader - Initializing Options Extension - Options Extension
2026-07-23 05:18:00,294 [main ] INFO  ExtensionLoader - Initializing Edit Menu Extension - Edit Menu Extension
2026-07-23 05:18:00,294 [main ] INFO  ExtensionLoader - Initializing API Extension - Provides a rest based API for controlling and accessing ZAP
2026-07-23 05:18:00,300 [main ] INFO  ExtensionLoader - Initializing History Extension - History Extension
2026-07-23 05:18:00,301 [main ] INFO  ExtensionLoader - Initializing ExtensionReveal - Show hidden fields and enable disabled fields
2026-07-23 05:18:00,301 [main ] INFO  ExtensionLoader - Initializing Search Extension - Search messages for strings and regular expressions
2026-07-23 05:18:00,302 [main ] INFO  ExtensionLoader - Initializing Breakpoint Extension - Allows you to intercept and modify requests and responses
2026-07-23 05:18:00,304 [main ] INFO  ExtensionLoader - Initializing Passive Scan Extension - Passive scanner
2026-07-23 05:18:00,304 [main ] INFO  ExtensionLoader - Initializing Alerts Extension - Allows you to view and manage alerts
2026-07-23 05:18:00,306 [main ] INFO  ExtensionLoader - Initializing Active Scan Extension - Active scanner, heavily based on the original Paros active scanner, but with additional tests added
2026-07-23 05:18:00,311 [main ] INFO  ExtensionLoader - Initializing ExtensionSequence - ExtensionSequence
2026-07-23 05:18:00,312 [main ] INFO  ExtensionLoader - Initializing Standard Menus Extension - A set of common popup menus for miscellaneous tasks
2026-07-23 05:18:00,312 [main ] INFO  ExtensionLoader - Initializing ExtensionBruteForce - Forced browsing of files and directories using code from the OWASP DirBuster tool
2026-07-23 05:18:00,313 [main ] INFO  ExtensionLoader - Initializing Compare Extension - Compares 2 sessions and generates an HTML file showing the differences
2026-07-23 05:18:00,313 [main ] INFO  ExtensionLoader - Initializing ExtensionInvoke - Invoke external applications passing context related information such as URLs and parameters
2026-07-23 05:18:00,314 [main ] INFO  ExtensionLoader - Initializing Anti-CSRF Extension - Handles anti cross site request forgery (CSRF) tokens
2026-07-23 05:18:00,317 [main ] INFO  ExtensionLoader - Initializing Authentication Extension - Authentication Extension
2026-07-23 05:18:00,323 [main ] INFO  ExtensionAuthentication - Loaded authentication method types: [Form-based Authentication, HTTP/NTLM Authentication, Manual Authentication, Script-based Authentication, JSON-based Authentication]
2026-07-23 05:18:00,324 [main ] INFO  ExtensionLoader - Initializing Users Extension - Users Extension
2026-07-23 05:18:00,325 [main ] INFO  ExtensionLoader - Initializing Parameters Extension - Summarise and analyse form and URL parameters as well as cookies and headers
2026-07-23 05:18:00,327 [main ] INFO  ExtensionLoader - Initializing Script Extension - Script integration
2026-07-23 05:18:00,331 [main ] INFO  ExtensionLoader - Initializing ExtensionScripts - Scripting console, supports all JSR 223 scripting languages
2026-07-23 05:18:00,335 [main ] INFO  ExtensionLoader - Initializing Forced User Extension - Forced User Extension
2026-07-23 05:18:00,336 [main ] INFO  ExtensionLoader - Initializing HTTP Sessions Extension - Extension handling HTTP sessions
2026-07-23 05:18:00,337 [main ] INFO  ExtensionLoader - Initializing ExtensionZest - Zest is a specialized scripting language, originally, from Mozilla specifically designed to be used in security tools
2026-07-23 05:18:00,412 [main ] INFO  ExtensionLoader - Initializing ExtensionDiff - ExtensionDiff
2026-07-23 05:18:00,412 [main ] INFO  ExtensionLoader - Initializing HTTP Panel Post Table View Extension - HTTP Panel Post Table View Extension
2026-07-23 05:18:00,412 [main ] INFO  ExtensionLoader - Initializing Encoder Addon - Adds support for scriptable encoders to ZAP.
2026-07-23 05:18:00,413 [main ] INFO  ExtensionLoader - Initializing ExtensionPlugNHack - Simple browser configuration
2026-07-23 05:18:00,413 [main ] INFO  ExtensionLoader - Initializing Session Management Extension - Session Management Extension
2026-07-23 05:18:00,418 [main ] INFO  ExtensionSessionManagement - Loaded session management method types: [Cookie-based Session Management, HTTP Authentication Session Management, Script-based Session Management]
2026-07-23 05:18:00,419 [main ] INFO  ExtensionLoader - Initializing HTTP Panel Form Table View Extension - HTTP Panel Form Table View Extension
2026-07-23 05:18:00,419 [main ] INFO  ExtensionLoader - Initializing WebSockets Support - Capture messages from WebSockets with the ability to set breakpoints.
2026-07-23 05:18:00,434 [main ] INFO  ExtensionLoader - Initializing SOAP/WSDL Support - Allows you to import a WSDL file containing operations which ZAP will access, adding them to the Sites tree.
2026-07-23 05:18:00,435 [main ] INFO  ExtensionLoader - Initializing ExtensionServerSentEvents - Capture communication from Server-Sent Event streams.
2026-07-23 05:18:00,436 [main ] INFO  ExtensionLoader - Initializing Core UI Extension - Core UI related functionality.
2026-07-23 05:18:00,436 [main ] INFO  ExtensionLoader - Initializing Authorization Extension - Authorization Extension
2026-07-23 05:18:00,437 [main ] INFO  ExtensionLoader - Initializing Requester - Allows to manually edit and send messages.
2026-07-23 05:18:00,440 [main ] INFO  ExtensionLoader - Initializing AJAX Spider - AJAX Spider, uses Crawljax
2026-07-23 05:18:00,456 [main ] INFO  ExtensionLoader - Initializing WebDriver Provider - Provides WebDrivers to control several browsers using Selenium and includes HtmlUnit browser.
2026-07-23 05:18:00,481 [main ] INFO  ExtensionLoader - Initializing ExtensionClientIntegration - Client Side Integration
2026-07-23 05:18:00,486 [main ] INFO  ExtensionLoader - Initializing ExtensionAccessControl - Add-on that adds a set of tools for testing access control in web applications.
2026-07-23 05:18:00,487 [main ] INFO  ExtensionLoader - Initializing ExtensionMcp - An add-on that integrates MCP in ZAP.
2026-07-23 05:18:00,501 [main ] INFO  ExtensionLoader - Initializing Refresh Sites Tree Extension - Adds menu item to refresh the Sites tree
2026-07-23 05:18:00,501 [main ] INFO  ExtensionLoader - Initializing Help Extension - ZAP User Guide
2026-07-23 05:18:00,501 [main ] INFO  ExtensionLoader - Initializing Call Home - Handles all of the calls to ZAP services
2026-07-23 05:18:00,502 [main ] INFO  ExtensionLoader - Initializing Network Extension - Provides core networking capabilities.
2026-07-23 05:18:00,524 [main ] INFO  ConnectionOptions - Unsafe SSL/TLS renegotiation disabled.
2026-07-23 05:18:00,525 [main ] INFO  ExtensionLoader - Initializing Extension Configuration Extension - Allows you to configure which extensions are loaded when ZAP starts
2026-07-23 05:18:00,526 [main ] INFO  ExtensionLoader - Initializing Combined HTTP Panels Extension - Combined HTTP Panels Extension
2026-07-23 05:18:00,526 [main ] INFO  ExtensionLoader - Initializing HTTP Panel Hex View Extension - HTTP Panel Hex View Extension
2026-07-23 05:18:00,526 [main ] INFO  ExtensionLoader - Initializing HTTP Panel Image View Extension - HTTP Panel Image View Extension
2026-07-23 05:18:00,526 [main ] INFO  ExtensionLoader - Initializing HTTP Panel Query Table View Extension - HTTP Panel Query Table View Extension
2026-07-23 05:18:00,527 [main ] INFO  ExtensionLoader - Initializing HTTP Panel Syntax Highlighter View Extension - HTTP Panel Syntax Highlighter View Extension
2026-07-23 05:18:00,527 [main ] INFO  ExtensionLoader - Initializing Keyboard Configuration Extension - Adds support for configurable keyboard shortcuts for all of the ZAP menus.
2026-07-23 05:18:00,527 [main ] INFO  ExtensionLoader - Initializing Scanner Rule Configuration Extension - Active and passive rule configuration
2026-07-23 05:18:00,529 [main ] INFO  ExtensionLoader - Initializing Statistics Extension - Statistics
2026-07-23 05:18:00,530 [main ] INFO  ExtensionStats - Start recording in memory stats
2026-07-23 05:18:00,530 [main ] INFO  ExtensionLoader - Initializing Custom Pages Extension - Custom Pages Definition
2026-07-23 05:18:00,531 [main ] INFO  ExtensionLoader - Initializing Client Spider Automation - Client Spider Automation Framework Integration
2026-07-23 05:18:00,533 [main ] INFO  ExtensionLoader - Initializing Client Map Import/Export - Client Map export support for Import/Export.
2026-07-23 05:18:00,535 [main ] INFO  ExtensionLoader - Initializing Client Zest Script Recording Support - Allows recording client events as Zest scripts.
2026-07-23 05:18:00,537 [main ] INFO  ExtensionLoader - Initializing Scripts Automation Framework Integration - Scripts Automation
2026-07-23 05:18:00,550 [main ] INFO  ExtensionLoader - Initializing Script Console Report Data - Supplies script data to reports when the session database contains recorded output.
2026-07-23 05:18:00,551 [main ] INFO  ExtensionLoader - Initializing Custom Payloads - Ability to add, edit or remove payloads that are used i.e. by active scanners
2026-07-23 05:18:00,553 [main ] INFO  ExtensionLoader - Initializing Report Generator - Templated and themed report generation functionality
2026-07-23 05:18:00,556 [main ] INFO  ExtensionLoader - Initializing Report Generation Automation Integration - Report Generation Automation Integration
2026-07-23 05:18:00,561 [main ] INFO  ExtensionLoader - Initializing Out-of-band Application Security Testing - Adds Out-of-band Application Security Testing functionality.
2026-07-23 05:18:00,567 [main ] INFO  ExtensionLoader - Initializing OAST Scripts - Adds OAST scripts.
2026-07-23 05:18:00,567 [main ] INFO  ExtensionLoader - Initializing Passive Scan Rules - Release status passive scan rules.
2026-07-23 05:18:00,568 [main ] INFO  ExtensionLoader - Initializing Passive Scan Rules Release Custom Payloads - Provides support for custom payloads in scan rules.
2026-07-23 05:18:00,579 [main ] INFO  ExtensionLoader - Initializing ExtensionHUD - Heads Up Display
2026-07-23 05:18:00,813 [main ] INFO  ExtensionLoader - Initializing ExtensionHUDlaunch - ExtensionHUDlaunch
2026-07-23 05:18:00,814 [main ] INFO  ExtensionLoader - Initializing Retest - Facilitates the verification of presence/absence of certain alerts.
2026-07-23 05:18:00,815 [main ] INFO  ExtensionLoader - Initializing Import/Export - Import and Export functionality supporting multiple formats.
2026-07-23 05:18:00,816 [main ] INFO  ExtensionLoader - Initializing Import/Export Automation - Import/Export Automation Framework Integration
2026-07-23 05:18:00,818 [main ] INFO  ExtensionLoader - Initializing Match and Replace - Easy way to replace strings in requests and responses
2026-07-23 05:18:00,820 [main ] INFO  ExtensionLoader - Initializing Replacer Automation - Replacer Automation Framework Integration
2026-07-23 05:18:00,821 [main ] INFO  ExtensionLoader - Initializing OpenAPI Import - Allows you to spider and import OpenAPI (Swagger) definitions 
2026-07-23 05:18:00,823 [main ] INFO  ExtensionLoader - Initializing OpenAPI Automation - OpenAPI Automation Framework Integration
2026-07-23 05:18:00,826 [main ] INFO  ExtensionLoader - Initializing OpenAPI Scripts - Adds scripts relevant to OpenAPI specifications.
2026-07-23 05:18:00,826 [main ] INFO  ExtensionLoader - Initializing OpenAPI Spider - OpenAPI Spider Integration
2026-07-23 05:18:00,828 [main ] INFO  ExtensionLoader - Initializing ExtensionGettingStarted - The ZAP Getting Started Guide
2026-07-23 05:18:00,829 [main ] INFO  ExtensionLoader - Initializing ExtensionDomXSS - DOM XSS Active Scan Rule
2026-07-23 05:18:00,890 [main ] INFO  ExtensionLoader - Initializing Automation Framework - Provides functionality to simplify using ZAP in an automated manner
2026-07-23 05:18:00,892 [main ] INFO  ExtensionLoader - Initializing GraalVM JavaScript Engine Extension - Provides the GraalVM JavaScript engine for ZAP scripting.
2026-07-23 05:18:00,904 [main ] INFO  ExtensionLoader - Initializing ExtensionInsights - Insights Extension
2026-07-23 05:18:00,905 [main ] INFO  ExtensionLoader - Initializing Alert Filters Automation - Alert Filters Automation Framework Integration
2026-07-23 05:18:00,907 [main ] INFO  ExtensionLoader - Initializing Insights Reports Extension - Adds Insights to the report data
2026-07-23 05:18:00,908 [main ] INFO  ExtensionLoader - Initializing Active Scan Rules - Release status active scan rules
2026-07-23 05:18:00,908 [main ] INFO  ExtensionLoader - Initializing Active Scan Rules Custom Payloads - Provides support for custom payloads in scan rules.
2026-07-23 05:18:00,911 [main ] INFO  ExtensionLoader - Initializing Passive Scanner Extension - Provides core passive scanning capabilities.
2026-07-23 05:18:00,931 [main ] INFO  ExtensionLoader - Initializing Passive Scanner Automation Framework Extension - Provides jobs and result data related to the passive scanner.
2026-07-23 05:18:00,932 [main ] INFO  ExtensionLoader - Initializing MCP Spider - MCP Spider Integration
2026-07-23 05:18:00,933 [main ] INFO  ExtensionLoader - Initializing Retire.js - Retire.js
2026-07-23 05:18:00,935 [main ] INFO  ScanRuleManager - Loaded passive scan rule: Vulnerable JS Library (Powered by Retire.js)
2026-07-23 05:18:00,935 [main ] INFO  ExtensionLoader - Initializing Ajax Spider Automation - Ajax Spider Automation Framework Integration
2026-07-23 05:18:00,939 [main ] INFO  ExtensionLoader - Initializing Database Extension - Provides databases and persistence capabilities.
2026-07-23 05:18:00,939 [main ] INFO  ExtensionLoader - Initializing Quick Start panel  - Adds the Quick Start panel for scanning and exploring applications
2026-07-23 05:18:00,940 [main ] INFO  ExtensionLoader - Initializing Quick Start Ajax Spider integration - Add the option to use the Ajax Spider in the Quick Start scan
2026-07-23 05:18:00,940 [main ] INFO  ExtensionLoader - Initializing Quick Start Client Spider Integration - Provides the option to use the Client Spider when running a quick scan
2026-07-23 05:18:00,941 [main ] INFO  ExtensionLoader - Initializing Quick Start HUD Integration - HUD integration for the quick start panel
2026-07-23 05:18:00,941 [main ] INFO  ExtensionLoader - Initializing Quick Start Browser Launcher - Launch browsers preset proxying through ZAP
2026-07-23 05:18:00,942 [main ] INFO  ExtensionLoader - Initializing Quick Start Spider Integration - Adds the option to use the traditional Spider in the Quick Start scan.
2026-07-23 05:18:00,943 [main ] INFO  ExtensionLoader - Initializing Authentication Helper - Authentication Helper
2026-07-23 05:18:00,946 [main ] INFO  ExtensionLoader - Initializing Client Spider Browser Based Authentication Support - Enables browser based authentication when performing an authenticated Client Spider scan.
2026-07-23 05:18:00,946 [main ] INFO  ExtensionLoader - Initializing Authentication Helper Reports - Authentication Helper Reports
2026-07-23 05:18:00,947 [main ] INFO  ExtensionLoader - Initializing AJAX Spider Browser Based Authentication Support - Enables browser based authentication when performing an authenticated AJAX Spider scan.
2026-07-23 05:18:00,948 [main ] INFO  ExtensionLoader - Initializing ExtensionOnlineMenu - The Online menu links
2026-07-23 05:18:00,948 [main ] INFO  ExtensionLoader - Initializing Common Library - A library of shared functionality
2026-07-23 05:18:00,949 [main ] INFO  ExtensionLoader - Initializing Postman Import - Allows you to spider and import Postman collections
2026-07-23 05:18:00,949 [main ] INFO  ExtensionLoader - Initializing Postman Automation - Postman Automation Framework Integration
2026-07-23 05:18:00,951 [main ] INFO  ExtensionLoader - Initializing SOAP Automation - SOAP Automation Framework Integration
2026-07-23 05:18:00,952 [main ] INFO  ExtensionLoader - Initializing SOAP Spider - SOAP Spider Integration
2026-07-23 05:18:00,952 [main ] INFO  ExtensionLoader - Initializing Zest Import/Export - Zest script export and import support for Import/Export.
2026-07-23 05:18:00,952 [main ] INFO  ExtensionLoader - Initializing ExtensionFormHandler - This extension allows a user to change the default values used for generated content (e.g. spiders, importers).
2026-07-23 05:18:00,954 [main ] INFO  ExtensionLoader - Initializing ExtensionCoreLang - Translations of the core language files
2026-07-23 05:18:00,954 [main ] INFO  ExtensionLoader - Initializing gRPC Support - Allows you to inspect, attack gRPC endpoints, and decode protobuf messages
2026-07-23 05:18:00,956 [main ] INFO  ExtensionLoader - Initializing gRPC Websocket Support - Provides the WebSocket gRPC view and edit features
2026-07-23 05:18:00,956 [main ] INFO  ExtensionLoader - Initializing ExtensionGraphQl - Allows you to inspect and attack GraphQL endpoints.
2026-07-23 05:18:00,959 [main ] INFO  ExtensionLoader - Initializing GraphQL Automation - GraphQL Automation Framework Integration
2026-07-23 05:18:00,961 [main ] INFO  ExtensionLoader - Initializing GraphQL Spider - GraphQL Spider Integration
2026-07-23 05:18:00,961 [main ] INFO  ExtensionLoader - Initializing HTTPS Info Extension - This add-on gathers and displays SSL/TLS information for a server
2026-07-23 05:18:00,962 [main ] INFO  ExtensionLoader - Initializing ExtensionAlertFilters - Context alert rules filter
2026-07-23 05:18:00,963 [main ] INFO  ExtensionLoader - Initializing Alert Filters Automation - Alert Filters Automation Framework Integration
2026-07-23 05:18:00,964 [main ] INFO  ExtensionLoader - Initializing WebSocket Message Editor - Provides the WebSocket Message Editor dialogues.
2026-07-23 05:18:00,964 [main ] INFO  ExtensionLoader - Initializing Parameters Automation Framework Integration - Parameters Automation
2026-07-23 05:18:00,965 [main ] INFO  ExtensionLoader - Initializing Sequence Automation - Sequence Automation Framework Integration
2026-07-23 05:18:00,968 [main ] INFO  ExtensionLoader - Initializing Client Message Editor - Provides the Client Message Editor dialogue.
2026-07-23 05:18:00,968 [main ] INFO  ExtensionLoader - Initializing Spider Extension - Spider used for automatically finding URIs on a site.
2026-07-23 05:18:00,986 [main ] INFO  ExtensionLoader - Initializing Spider Automation - Spider Automation Integration
2026-07-23 05:18:00,990 [main ] INFO  ExtensionLoader - Initializing ExtensionTipsAndTricks - Tips and Tricks
2026-07-23 05:18:01,228 [main ] WARN  SeleniumManager - Unable to discover proper geckodriver version in offline mode
2026-07-23 05:18:01,297 [main ] ERROR ExtensionClientIntegration - Failed to get or create Firefox profile zap-client-profile
2026-07-23 05:18:01,452 [main ] INFO  CallbackService - Started callback service on 0.0.0.0:39291
2026-07-23 05:18:02,781 [main ] INFO  ScanRuleManager - Loaded passive scan rule: Script Passive Scan Rules
2026-07-23 05:18:02,811 [main ] INFO  ScanRuleManager - Loaded passive scan rule: Anti-clickjacking Header
2026-07-23 05:18:02,811 [main ] INFO  ScanRuleManager - Loaded passive scan rule: Application Error Disclosure
2026-07-23 05:18:02,811 [main ] INFO  ScanRuleManager - Loaded passive scan rule: Big Redirect Detected (Potential Sensitive Information Leak)
2026-07-23 05:18:02,811 [main ] INFO  ScanRuleManager - Loaded passive scan rule: Re-examine Cache-control Directives
2026-07-23 05:18:02,811 [main ] INFO  ScanRuleManager - Loaded passive scan rule: Charset Mismatch
2026-07-23 05:18:02,811 [main ] INFO  ScanRuleManager - Loaded passive scan rule: Content Security Policy (CSP) Header Not Set
2026-07-23 05:18:02,812 [main ] INFO  ScanRuleManager - Loaded passive scan rule: CSP
2026-07-23 05:18:02,812 [main ] INFO  ScanRuleManager - Loaded passive scan rule: Content-Type Header Missing
2026-07-23 05:18:02,812 [main ] INFO  ScanRuleManager - Loaded passive scan rule: Cookie No HttpOnly Flag
2026-07-23 05:18:02,812 [main ] INFO  ScanRuleManager - Loaded passive scan rule: Loosely Scoped Cookie
2026-07-23 05:18:02,812 [main ] INFO  ScanRuleManager - Loaded passive scan rule: Cookie without SameSite Attribute
2026-07-23 05:18:02,812 [main ] INFO  ScanRuleManager - Loaded passive scan rule: Cookie Without Secure Flag
2026-07-23 05:18:02,813 [main ] INFO  ScanRuleManager - Loaded passive scan rule: Cross-Domain Misconfiguration
2026-07-23 05:18:02,813 [main ] INFO  ScanRuleManager - Loaded passive scan rule: Cross-Domain JavaScript Source File Inclusion
2026-07-23 05:18:02,813 [main ] INFO  ScanRuleManager - Loaded passive scan rule: Absence of Anti-CSRF Tokens
2026-07-23 05:18:02,814 [main ] INFO  ScanRuleManager - Loaded passive scan rule: Directory Browsing
2026-07-23 05:18:02,814 [main ] INFO  ScanRuleManager - Loaded passive scan rule: Hash Disclosure
2026-07-23 05:18:02,814 [main ] INFO  ScanRuleManager - Loaded passive scan rule: Heartbleed OpenSSL Vulnerability (Indicative)
2026-07-23 05:18:02,814 [main ] INFO  ScanRuleManager - Loaded passive scan rule: In Page Banner Information Leak
2026-07-23 05:18:02,814 [main ] INFO  ScanRuleManager - Loaded passive scan rule: Private IP Disclosure
2026-07-23 05:18:02,814 [main ] INFO  ScanRuleManager - Loaded passive scan rule: Session ID in URL Rewrite
2026-07-23 05:18:02,814 [main ] INFO  ScanRuleManager - Loaded passive scan rule: Information Disclosure - Debug Error Messages
2026-07-23 05:18:02,814 [main ] INFO  ScanRuleManager - Loaded passive scan rule: Information Disclosure - Sensitive Information in URL
2026-07-23 05:18:02,814 [main ] INFO  ScanRuleManager - Loaded passive scan rule: Information Disclosure - Sensitive Information in HTTP Referrer Header
2026-07-23 05:18:02,814 [main ] INFO  ScanRuleManager - Loaded passive scan rule: Information Disclosure - Suspicious Comments
2026-07-23 05:18:02,814 [main ] INFO  ScanRuleManager - Loaded passive scan rule: Weak Authentication Method
2026-07-23 05:18:02,814 [main ] INFO  ScanRuleManager - Loaded passive scan rule: HTTP to HTTPS Insecure Transition in Form Post
2026-07-23 05:18:02,815 [main ] INFO  ScanRuleManager - Loaded passive scan rule: HTTPS to HTTP Insecure Transition in Form Post
2026-07-23 05:18:02,815 [main ] INFO  ScanRuleManager - Loaded passive scan rule: Insecure JSF ViewState
2026-07-23 05:18:02,815 [main ] INFO  ScanRuleManager - Loaded passive scan rule: Java Serialization Object
2026-07-23 05:18:02,815 [main ] INFO  ScanRuleManager - Loaded passive scan rule: Reverse Tabnabbing
2026-07-23 05:18:02,815 [main ] INFO  ScanRuleManager - Loaded passive scan rule: Secure Pages Include Mixed Content
2026-07-23 05:18:02,815 [main ] INFO  ScanRuleManager - Loaded passive scan rule: Modern Web Application
2026-07-23 05:18:02,816 [main ] INFO  ScanRuleManager - Loaded passive scan rule: PII Disclosure
2026-07-23 05:18:02,816 [main ] INFO  ScanRuleManager - Loaded passive scan rule: Script Served From Malicious Domain (polyfill)
2026-07-23 05:18:02,816 [main ] INFO  ScanRuleManager - Loaded passive scan rule: Retrieved from Cache
2026-07-23 05:18:02,816 [main ] INFO  ScanRuleManager - Loaded passive scan rule: HTTP Server Response Header
2026-07-23 05:18:02,816 [main ] INFO  ScanRuleManager - Loaded passive scan rule: Strict-Transport-Security Header
2026-07-23 05:18:02,816 [main ] INFO  ScanRuleManager - Loaded passive scan rule: Sub Resource Integrity Attribute Missing
2026-07-23 05:18:02,816 [main ] INFO  ScanRuleManager - Loaded passive scan rule: Timestamp Disclosure
2026-07-23 05:18:02,816 [main ] INFO  ScanRuleManager - Loaded passive scan rule: User Controllable Charset
2026-07-23 05:18:02,816 [main ] INFO  ScanRuleManager - Loaded passive scan rule: Cookie Poisoning
2026-07-23 05:18:02,816 [main ] INFO  ScanRuleManager - Loaded passive scan rule: User Controllable HTML Element Attribute (Potential XSS)
2026-07-23 05:18:02,817 [main ] INFO  ScanRuleManager - Loaded passive scan rule: User Controllable JavaScript Event (XSS)
2026-07-23 05:18:02,817 [main ] INFO  ScanRuleManager - Loaded passive scan rule: Off-site Redirect
2026-07-23 05:18:02,817 [main ] INFO  ScanRuleManager - Loaded passive scan rule: Username Hash Found
2026-07-23 05:18:02,817 [main ] INFO  ScanRuleManager - Loaded passive scan rule: Viewstate
2026-07-23 05:18:02,817 [main ] INFO  ScanRuleManager - Loaded passive scan rule: X-AspNet-Version Response Header
2026-07-23 05:18:02,817 [main ] INFO  ScanRuleManager - Loaded passive scan rule: X-Backend-Server Header Information Leak
2026-07-23 05:18:02,817 [main ] INFO  ScanRuleManager - Loaded passive scan rule: X-ChromeLogger-Data (XCOLD) Header Information Leak
2026-07-23 05:18:02,817 [main ] INFO  ScanRuleManager - Loaded passive scan rule: X-Content-Type-Options Header Missing
2026-07-23 05:18:02,817 [main ] INFO  ScanRuleManager - Loaded passive scan rule: X-Debug-Token Information Leak
2026-07-23 05:18:02,817 [main ] INFO  ScanRuleManager - Loaded passive scan rule: Server Leaks Information via "X-Powered-By" HTTP Response Header Field(s)
2026-07-23 05:18:02,817 [main ] INFO  ScanRuleManager - Loaded passive scan rule: ZAP is Out of Date
2026-07-23 05:18:02,820 [main ] INFO  ScanRuleManager - Loaded passive scan rule: Authentication Request Identified
2026-07-23 05:18:02,820 [main ] INFO  ScanRuleManager - Loaded passive scan rule: Session Management Response Identified
2026-07-23 05:18:02,820 [main ] INFO  ScanRuleManager - Loaded passive scan rule: Verification Request Identified
2026-07-23 05:18:02,821 [main ] INFO  ScanRuleManager - Loaded passive scan rule: WSDL File Detection
2026-07-23 05:18:02,822 [main ] INFO  ScanRuleManager - Loaded passive scan rule: Stats Passive Scan Rule
2026-07-23 05:18:02,822 [main ] INFO  ExtensionQuickStart - Shh! No check-for-news - silent mode enabled
2026-07-23 05:18:02,822 [main ] INFO  ExtensionNetwork - Creating new root CA certificate.
2026-07-23 05:18:03,614 [main ] INFO  ExtensionNetwork - New root CA certificate created.
2026-07-23 05:18:03,630 [main ] INFO  ExtensionCallHome - Shh! Silent mode or telemetry turned off
2026-07-23 05:18:03,701 [main ] INFO  CommandLine - Job script set action = add
2026-07-23 05:18:03,702 [main ] INFO  CommandLine - Job script set engine = ECMAScript : Graal.js
2026-07-23 05:18:03,702 [main ] INFO  CommandLine - Job script set file = /dast/AddBearerToken.js
2026-07-23 05:18:03,702 [main ] INFO  CommandLine - Job script set name = AddBearerToken
2026-07-23 05:18:03,702 [main ] INFO  CommandLine - Job script set type = httpsender
2026-07-23 05:18:03,707 [main ] INFO  CommandLine - Job spider set context = DevSecOps360
2026-07-23 05:18:03,707 [main ] INFO  CommandLine - Job spider set maxDuration = 5
2026-07-23 05:18:03,708 [main ] INFO  CommandLine - Job spider set user = svc-devsecops360
2026-07-23 05:18:03,708 [main ] INFO  CommandLine - Job activeScan set context = DevSecOps360
2026-07-23 05:18:03,708 [main ] INFO  CommandLine - Unrecognised parameter for job activeScan : policyDefinition
2026-07-23 05:18:03,709 [main ] INFO  CommandLine - Job activeScan set user = svc-devsecops360
2026-07-23 05:18:03,709 [main ] INFO  CommandLine - Job report set reportDir = /tmp/dast-output-1636226528
2026-07-23 05:18:03,709 [main ] INFO  CommandLine - Job report set reportFile = ZAP-Report
2026-07-23 05:18:03,710 [main ] INFO  CommandLine - Job report set reportTitle = ZAP by Checkmarx - DevSecOps360 (Auth)
2026-07-23 05:18:03,710 [main ] INFO  CommandLine - Job report set template = traditional-json-plus
2026-07-23 05:18:03,735 [main ] INFO  CommandLine - Job export set fileName = /tmp/dast-output-1636226528/ZAP-Sites-Tree.yaml
2026-07-23 05:18:03,738 [main ] INFO  CommandLine - Job export set source = Sites Tree
2026-07-23 05:18:03,738 [main ] INFO  CommandLine - Job export set type = yaml
2026-07-23 05:18:03,837 [main ] INFO  CommandLine - Job script started
2026-07-23 05:18:03,839 [main ] INFO  CommandLine - Job: script Start action: add
2026-07-23 05:18:03,853 [main ] INFO  CommandLine - Job script finished, time taken: 00:00:00
2026-07-23 05:18:03,855 [main ] INFO  CommandLine - Job passiveScan-config started
2026-07-23 05:18:03,856 [main ] INFO  CommandLine - Job passiveScan-config finished, time taken: 00:00:00
2026-07-23 05:18:03,864 [main ] INFO  CommandLine - Job spider started
2026-07-23 05:18:03,867 [main ] INFO  CommandLine - Job spider requesting URL https://devsecops360.fusion.co.th
2026-07-23 05:18:03,982 [main ] INFO  User - Authenticating user: svc-devsecops360
2026-07-23 05:18:03,983 [main ] INFO  User - Authentication failed for user: svc-devsecops360
2026-07-23 05:18:04,251 [main ] INFO  User - Authenticating user: svc-devsecops360
2026-07-23 05:18:04,251 [main ] INFO  User - Authentication failed for user: svc-devsecops360
2026-07-23 05:18:04,278 [ZAP-SpiderInitThread-0] INFO  SpiderThread - Starting spidering scan on Context: DevSecOps360 at 2026-07-23T05:18:04.278+0000
2026-07-23 05:18:04,281 [ZAP-SpiderInitThread-0] INFO  Spider - Spider initializing...
2026-07-23 05:18:04,292 [ZAP-SpiderInitThread-0] INFO  Spider - Starting spider...
2026-07-23 05:18:04,293 [ZAP-SpiderInitThread-0] INFO  Spider - Scan will be performed from the point of view of User: svc-devsecops360
2026-07-23 05:18:04,328 [ZAP-SpiderThreadPool-0-thread-1] INFO  User - Authenticating user: svc-devsecops360
2026-07-23 05:18:04,329 [ZAP-SpiderThreadPool-0-thread-1] INFO  User - Authentication failed for user: svc-devsecops360
2026-07-23 05:18:04,337 [ZAP-SpiderThreadPool-0-thread-1] INFO  User - Authenticating user: svc-devsecops360
2026-07-23 05:18:04,337 [ZAP-SpiderThreadPool-0-thread-1] INFO  User - Authentication failed for user: svc-devsecops360
2026-07-23 05:18:04,360 [ZAP-SpiderThreadPool-0-thread-3] INFO  User - Authenticating user: svc-devsecops360
2026-07-23 05:18:04,360 [ZAP-SpiderThreadPool-0-thread-3] INFO  User - Authentication failed for user: svc-devsecops360
2026-07-23 05:18:04,369 [ZAP-SpiderThreadPool-0-thread-3] INFO  User - Authenticating user: svc-devsecops360
2026-07-23 05:18:04,369 [ZAP-SpiderThreadPool-0-thread-3] INFO  User - Authentication failed for user: svc-devsecops360
2026-07-23 05:18:04,388 [ZAP-SpiderThreadPool-0-thread-2] INFO  User - Authenticating user: svc-devsecops360
2026-07-23 05:18:04,388 [ZAP-SpiderThreadPool-0-thread-2] INFO  User - Authentication failed for user: svc-devsecops360
2026-07-23 05:18:04,395 [ZAP-SpiderThreadPool-0-thread-2] INFO  User - Authenticating user: svc-devsecops360
2026-07-23 05:18:04,395 [ZAP-SpiderThreadPool-0-thread-2] INFO  User - Authentication failed for user: svc-devsecops360
2026-07-23 05:18:04,457 [ZAP-SpiderThreadPool-0-thread-4] INFO  User - Authenticating user: svc-devsecops360
2026-07-23 05:18:04,457 [ZAP-SpiderThreadPool-0-thread-4] INFO  User - Authentication failed for user: svc-devsecops360
2026-07-23 05:18:04,482 [ZAP-SpiderThreadPool-0-thread-6] INFO  User - Authenticating user: svc-devsecops360
2026-07-23 05:18:04,483 [ZAP-SpiderThreadPool-0-thread-6] INFO  User - Authentication failed for user: svc-devsecops360
2026-07-23 05:18:04,524 [ZAP-SpiderThreadPool-0-thread-5] INFO  User - Authenticating user: svc-devsecops360
2026-07-23 05:18:04,524 [ZAP-SpiderThreadPool-0-thread-5] INFO  User - Authentication failed for user: svc-devsecops360
2026-07-23 05:18:04,567 [ZAP-SpiderThreadPool-0-thread-5] INFO  User - Authenticating user: svc-devsecops360
2026-07-23 05:18:04,567 [ZAP-SpiderThreadPool-0-thread-5] INFO  User - Authentication failed for user: svc-devsecops360
2026-07-23 05:18:04,657 [ZAP-SpiderThreadPool-0-thread-6] WARN  UrlCanonicalizer - Host could not be reliably evaluated from: http://localhost%60;e&& (on base https://devsecops360.fusion.co.th/assets/index-BZNU6BGD.js)
2026-07-23 05:18:04,680 [ZAP-SpiderThreadPool-0-thread-6] INFO  Spider - Spidering process is complete. Shutting down...
2026-07-23 05:18:04,685 [ZAP-SpiderShutdownThread-0] INFO  SpiderThread - Spider scanning complete: true on Context: DevSecOps360 at 2026-07-23T05:18:04.684+0000
2026-07-23 05:18:04,778 [main ] INFO  CommandLine - Job spider found 33 URLs
2026-07-23 05:18:04,779 [main ] INFO  CommandLine - Job spider finished, time taken: 00:00:00
2026-07-23 05:18:04,779 [main ] INFO  CommandLine - Job passiveScan-wait started
2026-07-23 05:18:11,796 [ZAP-PassiveScan-9] WARN  PassiveScanTask - Passive Scan rule Information Disclosure - Suspicious Comments took 5 seconds to scan https://devsecops360.fusion.co.th/assets/index-BZNU6BGD.js application/javascript 1005756
2026-07-23 05:18:12,288 [main ] INFO  CommandLine - Job passiveScan-wait finished, time taken: 00:00:07
2026-07-23 05:18:12,293 [main ] INFO  CommandLine - Job activeScan started
2026-07-23 05:18:12,309 [main ] INFO  Scanner - scanner with ID 0 started
2026-07-23 05:18:12,353 [ZAP-Scanner-0] INFO  User - Authenticating user: svc-devsecops360
2026-07-23 05:18:12,353 [ZAP-Scanner-0] INFO  User - Authentication failed for user: svc-devsecops360
2026-07-23 05:18:12,363 [ZAP-Scanner-0] INFO  User - Authenticating user: svc-devsecops360
2026-07-23 05:18:12,364 [ZAP-Scanner-0] INFO  User - Authentication failed for user: svc-devsecops360
2026-07-23 05:18:12,396 [ZAP-Scanner-0] INFO  User - Authenticating user: svc-devsecops360
2026-07-23 05:18:12,396 [ZAP-Scanner-0] INFO  User - Authentication failed for user: svc-devsecops360
2026-07-23 05:18:12,405 [ZAP-Scanner-0] INFO  User - Authenticating user: svc-devsecops360
2026-07-23 05:18:12,405 [ZAP-Scanner-0] INFO  User - Authentication failed for user: svc-devsecops360
2026-07-23 05:18:12,436 [ZAP-Scanner-0] INFO  User - Authenticating user: svc-devsecops360
2026-07-23 05:18:12,437 [ZAP-Scanner-0] INFO  User - Authentication failed for user: svc-devsecops360
2026-07-23 05:18:12,443 [ZAP-Scanner-0] INFO  User - Authenticating user: svc-devsecops360
2026-07-23 05:18:12,443 [ZAP-Scanner-0] INFO  User - Authentication failed for user: svc-devsecops360
2026-07-23 05:18:12,469 [ZAP-Scanner-0] INFO  User - Authenticating user: svc-devsecops360
2026-07-23 05:18:12,469 [ZAP-Scanner-0] INFO  User - Authentication failed for user: svc-devsecops360
2026-07-23 05:18:12,479 [ZAP-Scanner-0] INFO  User - Authenticating user: svc-devsecops360
2026-07-23 05:18:12,479 [ZAP-Scanner-0] INFO  User - Authentication failed for user: svc-devsecops360
2026-07-23 05:18:12,486 [ZAP-Scanner-0] INFO  HostProcess - Scanning 7 node(s) from https://devsecops360.fusion.co.th as svc-devsecops360
2026-07-23 05:18:12,486 [ZAP-Scanner-0] INFO  HostProcess - start host https://devsecops360.fusion.co.th | PathTraversalScanRule strength MEDIUM threshold MEDIUM
2026-07-23 05:18:12,508 [ZAP-Scanner-0] INFO  User - Authenticating user: svc-devsecops360
2026-07-23 05:18:12,508 [ZAP-Scanner-0] INFO  User - Authentication failed for user: svc-devsecops360
2026-07-23 05:18:12,516 [ZAP-Scanner-0] INFO  User - Authenticating user: svc-devsecops360
2026-07-23 05:18:12,516 [ZAP-Scanner-0] INFO  User - Authentication failed for user: svc-devsecops360
2026-07-23 05:18:12,530 [ZAP-Scanner-0] INFO  HostProcess - completed host/plugin https://devsecops360.fusion.co.th | PathTraversalScanRule in 0.043s with 0 message(s) sent and 0 alert(s) raised.
2026-07-23 05:18:12,530 [ZAP-Scanner-0] INFO  HostProcess - start host https://devsecops360.fusion.co.th | RemoteFileIncludeScanRule strength MEDIUM threshold MEDIUM
2026-07-23 05:18:12,559 [ZAP-Scanner-0] INFO  User - Authenticating user: svc-devsecops360
2026-07-23 05:18:12,559 [ZAP-Scanner-0] INFO  User - Authentication failed for user: svc-devsecops360
2026-07-23 05:18:12,566 [ZAP-Scanner-0] INFO  User - Authenticating user: svc-devsecops360
2026-07-23 05:18:12,566 [ZAP-Scanner-0] INFO  User - Authentication failed for user: svc-devsecops360
2026-07-23 05:18:12,579 [ZAP-Scanner-0] INFO  HostProcess - completed host/plugin https://devsecops360.fusion.co.th | RemoteFileIncludeScanRule in 0.049s with 0 message(s) sent and 0 alert(s) raised.
2026-07-23 05:18:12,580 [ZAP-Scanner-0] INFO  HostProcess - start host https://devsecops360.fusion.co.th | SourceCodeDisclosureWebInfScanRule strength MEDIUM threshold MEDIUM
2026-07-23 05:18:12,580 [ZAP-Scanner-0] INFO  HostProcess - start host https://devsecops360.fusion.co.th | ShellShockScanRule strength MEDIUM threshold MEDIUM
2026-07-23 05:18:12,607 [ZAP-Scanner-0] INFO  User - Authenticating user: svc-devsecops360
2026-07-23 05:18:12,607 [ZAP-Scanner-0] INFO  User - Authentication failed for user: svc-devsecops360
2026-07-23 05:18:12,613 [ZAP-Scanner-0] INFO  User - Authenticating user: svc-devsecops360
2026-07-23 05:18:12,613 [ZAP-Scanner-0] INFO  User - Authentication failed for user: svc-devsecops360
2026-07-23 05:18:12,631 [ZAP-ActiveScanner-0] INFO  User - Authenticating user: svc-devsecops360
2026-07-23 05:18:12,631 [ZAP-ActiveScanner-0] INFO  User - Authentication failed for user: svc-devsecops360
2026-07-23 05:18:12,637 [ZAP-ActiveScanner-0] INFO  User - Authenticating user: svc-devsecops360
2026-07-23 05:18:12,637 [ZAP-ActiveScanner-0] INFO  User - Authentication failed for user: svc-devsecops360
2026-07-23 05:18:12,668 [ZAP-ActiveScanner-0] INFO  User - Authenticating user: svc-devsecops360
2026-07-23 05:18:12,668 [ZAP-ActiveScanner-0] INFO  User - Authentication failed for user: svc-devsecops360
2026-07-23 05:18:12,674 [ZAP-ActiveScanner-0] INFO  User - Authenticating user: svc-devsecops360
2026-07-23 05:18:12,674 [ZAP-ActiveScanner-0] INFO  User - Authentication failed for user: svc-devsecops360
2026-07-23 05:18:12,702 [ZAP-ActiveScanner-0] INFO  User - Authenticating user: svc-devsecops360
2026-07-23 05:18:12,702 [ZAP-ActiveScanner-0] INFO  User - Authentication failed for user: svc-devsecops360
2026-07-23 05:18:12,708 [ZAP-ActiveScanner-0] INFO  User - Authenticating user: svc-devsecops360
2026-07-23 05:18:12,708 [ZAP-ActiveScanner-0] INFO  User - Authentication failed for user: svc-devsecops360
2026-07-23 05:18:13,081 [ZAP-ActiveScanner-0] INFO  User - Authenticating user: svc-devsecops360
2026-07-23 05:18:13,081 [ZAP-ActiveScanner-0] INFO  User - Authentication failed for user: svc-devsecops360
2026-07-23 05:18:13,092 [ZAP-ActiveScanner-0] INFO  User - Authenticating user: svc-devsecops360
2026-07-23 05:18:13,092 [ZAP-ActiveScanner-0] INFO  User - Authentication failed for user: svc-devsecops360
2026-07-23 05:18:13,136 [ZAP-ActiveScanner-0] INFO  User - Authenticating user: svc-devsecops360
2026-07-23 05:18:13,136 [ZAP-ActiveScanner-0] INFO  User - Authentication failed for user: svc-devsecops360
2026-07-23 05:18:13,143 [ZAP-ActiveScanner-0] INFO  User - Authenticating user: svc-devsecops360
2026-07-23 05:18:13,143 [ZAP-ActiveScanner-0] INFO  User - Authentication failed for user: svc-devsecops360
2026-07-23 05:18:13,152 [ZAP-ActiveScanner-0] INFO  HostProcess - completed host/plugin https://devsecops360.fusion.co.th | SourceCodeDisclosureWebInfScanRule in 0.573s with 5 message(s) sent and 0 alert(s) raised.
2026-07-23 05:18:13,153 [ZAP-Scanner-0] INFO  HostProcess - completed host/plugin https://devsecops360.fusion.co.th | ShellShockScanRule in 0.573s with 0 message(s) sent and 0 alert(s) raised.
2026-07-23 05:18:13,153 [ZAP-Scanner-0] INFO  HostProcess - start host https://devsecops360.fusion.co.th | HeartBleedActiveScanRule strength MEDIUM threshold MEDIUM
2026-07-23 05:18:13,156 [ZAP-Scanner-0] INFO  HostProcess - start host https://devsecops360.fusion.co.th | SourceCodeDisclosureCve20121823ScanRule strength MEDIUM threshold MEDIUM
2026-07-23 05:18:13,193 [ZAP-Scanner-0] INFO  User - Authenticating user: svc-devsecops360
2026-07-23 05:18:13,193 [ZAP-Scanner-0] INFO  User - Authentication failed for user: svc-devsecops360
2026-07-23 05:18:13,199 [ZAP-Scanner-0] INFO  User - Authenticating user: svc-devsecops360
2026-07-23 05:18:13,199 [ZAP-Scanner-0] INFO  User - Authentication failed for user: svc-devsecops360
2026-07-23 05:18:13,200 [ZAP-ActiveScanner-0] INFO  HostProcess - completed host/plugin https://devsecops360.fusion.co.th | HeartBleedActiveScanRule in 0.046s with 3 message(s) sent and 0 alert(s) raised.
2026-07-23 05:18:13,260 [ZAP-ActiveScanner-0] INFO  User - Authenticating user: svc-devsecops360
2026-07-23 05:18:13,260 [ZAP-ActiveScanner-0] INFO  User - Authentication failed for user: svc-devsecops360
2026-07-23 05:18:13,267 [ZAP-ActiveScanner-0] INFO  User - Authenticating user: svc-devsecops360
2026-07-23 05:18:13,267 [ZAP-ActiveScanner-0] INFO  User - Authentication failed for user: svc-devsecops360
2026-07-23 05:18:13,285 [ZAP-ActiveScanner-2] INFO  User - Authenticating user: svc-devsecops360
2026-07-23 05:18:13,285 [ZAP-ActiveScanner-2] INFO  User - Authentication failed for user: svc-devsecops360
2026-07-23 05:18:13,297 [ZAP-ActiveScanner-2] INFO  User - Authenticating user: svc-devsecops360
2026-07-23 05:18:13,297 [ZAP-ActiveScanner-2] INFO  User - Authentication failed for user: svc-devsecops360
2026-07-23 05:18:13,311 [ZAP-ActiveScanner-3] INFO  User - Authenticating user: svc-devsecops360
2026-07-23 05:18:13,311 [ZAP-ActiveScanner-3] INFO  User - Authentication failed for user: svc-devsecops360
2026-07-23 05:18:13,320 [ZAP-Scanner-0] INFO  HostProcess - completed host/plugin https://devsecops360.fusion.co.th | SourceCodeDisclosureCve20121823ScanRule in 0.164s with 3 message(s) sent and 0 alert(s) raised.
2026-07-23 05:18:13,320 [ZAP-Scanner-0] INFO  HostProcess - start host https://devsecops360.fusion.co.th | RemoteCodeExecutionCve20121823ScanRule strength MEDIUM threshold MEDIUM
2026-07-23 05:18:13,345 [ZAP-Scanner-0] INFO  User - Authenticating user: svc-devsecops360
2026-07-23 05:18:13,345 [ZAP-Scanner-0] INFO  User - Authentication failed for user: svc-devsecops360
2026-07-23 05:18:13,351 [ZAP-Scanner-0] INFO  User - Authenticating user: svc-devsecops360
2026-07-23 05:18:13,351 [ZAP-Scanner-0] INFO  User - Authentication failed for user: svc-devsecops360
2026-07-23 05:18:13,368 [ZAP-ActiveScanner-0] INFO  User - Authenticating user: svc-devsecops360
2026-07-23 05:18:13,369 [ZAP-ActiveScanner-0] INFO  User - Authentication failed for user: svc-devsecops360
2026-07-23 05:18:13,375 [ZAP-ActiveScanner-0] INFO  User - Authenticating user: svc-devsecops360
2026-07-23 05:18:13,375 [ZAP-ActiveScanner-0] INFO  User - Authentication failed for user: svc-devsecops360
2026-07-23 05:18:13,392 [ZAP-ActiveScanner-1] INFO  User - Authenticating user: svc-devsecops360
2026-07-23 05:18:13,394 [ZAP-ActiveScanner-1] INFO  User - Authentication failed for user: svc-devsecops360
2026-07-23 05:18:13,399 [ZAP-ActiveScanner-1] INFO  User - Authenticating user: svc-devsecops360
2026-07-23 05:18:13,400 [ZAP-ActiveScanner-1] INFO  User - Authentication failed for user: svc-devsecops360
2026-07-23 05:18:13,416 [ZAP-ActiveScanner-6] INFO  User - Authenticating user: svc-devsecops360
2026-07-23 05:18:13,416 [ZAP-ActiveScanner-6] INFO  User - Authentication failed for user: svc-devsecops360
2026-07-23 05:18:13,424 [ZAP-ActiveScanner-6] INFO  User - Authenticating user: svc-devsecops360
2026-07-23 05:18:13,424 [ZAP-ActiveScanner-6] INFO  User - Authentication failed for user: svc-devsecops360
2026-07-23 05:18:13,437 [ZAP-ActiveScanner-5] INFO  User - Authenticating user: svc-devsecops360
2026-07-23 05:18:13,437 [ZAP-ActiveScanner-5] INFO  User - Authentication failed for user: svc-devsecops360
2026-07-23 05:18:13,443 [ZAP-ActiveScanner-5] INFO  User - Authenticating user: svc-devsecops360
2026-07-23 05:18:13,443 [ZAP-ActiveScanner-5] INFO  User - Authentication failed for user: svc-devsecops360
2026-07-23 05:18:13,458 [ZAP-ActiveScanner-4] INFO  User - Authenticating user: svc-devsecops360
2026-07-23 05:18:13,459 [ZAP-ActiveScanner-4] INFO  User - Authentication failed for user: svc-devsecops360
2026-07-23 05:18:13,480 [ZAP-ActiveScanner-3] INFO  User - Authenticating user: svc-devsecops360
2026-07-23 05:18:13,480 [ZAP-ActiveScanner-3] INFO  User - Authentication failed for user: svc-devsecops360
2026-07-23 05:18:13,486 [ZAP-ActiveScanner-3] INFO  User - Authenticating user: svc-devsecops360
2026-07-23 05:18:13,486 [ZAP-ActiveScanner-3] INFO  User - Authentication failed for user: svc-devsecops360
2026-07-23 05:18:13,503 [ZAP-ActiveScanner-2] INFO  User - Authenticating user: svc-devsecops360
2026-07-23 05:18:13,504 [ZAP-ActiveScanner-2] INFO  User - Authentication failed for user: svc-devsecops360
2026-07-23 05:18:13,513 [ZAP-ActiveScanner-2] INFO  User - Authenticating user: svc-devsecops360
2026-07-23 05:18:13,514 [ZAP-ActiveScanner-2] INFO  User - Authentication failed for user: svc-devsecops360
2026-07-23 05:18:13,525 [ZAP-ActiveScanner-0] INFO  User - Authenticating user: svc-devsecops360
2026-07-23 05:18:13,526 [ZAP-ActiveScanner-0] INFO  User - Authentication failed for user: svc-devsecops360
2026-07-23 05:18:13,532 [ZAP-ActiveScanner-0] INFO  User - Authenticating user: svc-devsecops360
2026-07-23 05:18:13,532 [ZAP-ActiveScanner-0] INFO  User - Authentication failed for user: svc-devsecops360
2026-07-23 05:18:13,547 [ZAP-ActiveScanner-1] INFO  User - Authenticating user: svc-devsecops360
2026-07-23 05:18:13,547 [ZAP-ActiveScanner-1] INFO  User - Authentication failed for user: svc-devsecops360
2026-07-23 05:18:13,553 [ZAP-ActiveScanner-1] INFO  User - Authenticating user: svc-devsecops360
2026-07-23 05:18:13,553 [ZAP-ActiveScanner-1] INFO  User - Authentication failed for user: svc-devsecops360
2026-07-23 05:18:13,568 [ZAP-ActiveScanner-6] INFO  User - Authenticating user: svc-devsecops360
2026-07-23 05:18:13,568 [ZAP-ActiveScanner-6] INFO  User - Authentication failed for user: svc-devsecops360
2026-07-23 05:18:13,574 [ZAP-ActiveScanner-6] INFO  User - Authenticating user: svc-devsecops360
2026-07-23 05:18:13,574 [ZAP-ActiveScanner-6] INFO  User - Authentication failed for user: svc-devsecops360
2026-07-23 05:18:13,590 [ZAP-ActiveScanner-5] INFO  User - Authenticating user: svc-devsecops360
2026-07-23 05:18:13,590 [ZAP-ActiveScanner-5] INFO  User - Authentication failed for user: svc-devsecops360
2026-07-23 05:18:13,595 [ZAP-ActiveScanner-5] INFO  User - Authenticating user: svc-devsecops360
2026-07-23 05:18:13,595 [ZAP-ActiveScanner-5] INFO  User - Authentication failed for user: svc-devsecops360
2026-07-23 05:18:13,611 [ZAP-ActiveScanner-3] INFO  User - Authenticating user: svc-devsecops360
2026-07-23 05:18:13,611 [ZAP-ActiveScanner-3] INFO  User - Authentication failed for user: svc-devsecops360
2026-07-23 05:18:13,617 [ZAP-ActiveScanner-3] INFO  User - Authenticating user: svc-devsecops360
2026-07-23 05:18:13,617 [ZAP-ActiveScanner-3] INFO  User - Authentication failed for user: svc-devsecops360
2026-07-23 05:18:13,632 [ZAP-ActiveScanner-4] INFO  User - Authenticating user: svc-devsecops360
2026-07-23 05:18:13,632 [ZAP-ActiveScanner-4] INFO  User - Authentication failed for user: svc-devsecops360
2026-07-23 05:18:13,654 [ZAP-ActiveScanner-2] INFO  User - Authenticating user: svc-devsecops360
2026-07-23 05:18:13,654 [ZAP-ActiveScanner-2] INFO  User - Authentication failed for user: svc-devsecops360
2026-07-23 05:18:13,659 [ZAP-ActiveScanner-2] INFO  User - Authenticating user: svc-devsecops360
2026-07-23 05:18:13,659 [ZAP-ActiveScanner-2] INFO  User - Authentication failed for user: svc-devsecops360
2026-07-23 05:18:13,664 [ZAP-Scanner-0] INFO  HostProcess - completed host/plugin https://devsecops360.fusion.co.th | RemoteCodeExecutionCve20121823ScanRule in 0.344s with 14 message(s) sent and 0 alert(s) raised.
2026-07-23 05:18:13,664 [ZAP-Scanner-0] INFO  HostProcess - start host https://devsecops360.fusion.co.th | ExternalRedirectScanRule strength MEDIUM threshold MEDIUM
2026-07-23 05:18:13,685 [ZAP-Scanner-0] INFO  User - Authenticating user: svc-devsecops360
2026-07-23 05:18:13,685 [ZAP-Scanner-0] INFO  User - Authentication failed for user: svc-devsecops360
2026-07-23 05:18:13,691 [ZAP-Scanner-0] INFO  User - Authenticating user: svc-devsecops360
2026-07-23 05:18:13,691 [ZAP-Scanner-0] INFO  User - Authentication failed for user: svc-devsecops360
2026-07-23 05:18:13,702 [ZAP-Scanner-0] INFO  HostProcess - completed host/plugin https://devsecops360.fusion.co.th | ExternalRedirectScanRule in 0.038s with 0 message(s) sent and 0 alert(s) raised.
2026-07-23 05:18:13,702 [ZAP-Scanner-0] INFO  HostProcess - start host https://devsecops360.fusion.co.th | ServerSideIncludeScanRule strength MEDIUM threshold MEDIUM
2026-07-23 05:18:13,724 [ZAP-Scanner-0] INFO  User - Authenticating user: svc-devsecops360
2026-07-23 05:18:13,724 [ZAP-Scanner-0] INFO  User - Authentication failed for user: svc-devsecops360
2026-07-23 05:18:13,730 [ZAP-Scanner-0] INFO  User - Authenticating user: svc-devsecops360
2026-07-23 05:18:13,730 [ZAP-Scanner-0] INFO  User - Authentication failed for user: svc-devsecops360
2026-07-23 05:18:13,741 [ZAP-Scanner-0] INFO  HostProcess - completed host/plugin https://devsecops360.fusion.co.th | ServerSideIncludeScanRule in 0.039s with 0 message(s) sent and 0 alert(s) raised.
2026-07-23 05:18:13,741 [ZAP-Scanner-0] INFO  HostProcess - start host https://devsecops360.fusion.co.th | CrossSiteScriptingScanRule strength MEDIUM threshold MEDIUM
2026-07-23 05:18:13,765 [ZAP-Scanner-0] INFO  User - Authenticating user: svc-devsecops360
2026-07-23 05:18:13,766 [ZAP-Scanner-0] INFO  User - Authentication failed for user: svc-devsecops360
2026-07-23 05:18:13,771 [ZAP-Scanner-0] INFO  User - Authenticating user: svc-devsecops360
2026-07-23 05:18:13,771 [ZAP-Scanner-0] INFO  User - Authentication failed for user: svc-devsecops360
2026-07-23 05:18:13,782 [ZAP-Scanner-0] INFO  HostProcess - completed host/plugin https://devsecops360.fusion.co.th | CrossSiteScriptingScanRule in 0.041s with 0 message(s) sent and 0 alert(s) raised.
2026-07-23 05:18:13,782 [ZAP-Scanner-0] INFO  HostProcess - start host https://devsecops360.fusion.co.th | PersistentXssPrimeScanRule strength MEDIUM threshold MEDIUM
2026-07-23 05:18:13,810 [ZAP-Scanner-0] INFO  User - Authenticating user: svc-devsecops360
2026-07-23 05:18:13,810 [ZAP-Scanner-0] INFO  User - Authentication failed for user: svc-devsecops360
2026-07-23 05:18:13,816 [ZAP-Scanner-0] INFO  User - Authenticating user: svc-devsecops360
2026-07-23 05:18:13,816 [ZAP-Scanner-0] INFO  User - Authentication failed for user: svc-devsecops360
2026-07-23 05:18:13,832 [ZAP-Scanner-0] INFO  HostProcess - completed host/plugin https://devsecops360.fusion.co.th | PersistentXssPrimeScanRule in 0.049s with 0 message(s) sent and 0 alert(s) raised.
2026-07-23 05:18:13,832 [ZAP-Scanner-0] INFO  HostProcess - start host https://devsecops360.fusion.co.th | PersistentXssSpiderScanRule strength MEDIUM threshold MEDIUM
2026-07-23 05:18:13,859 [ZAP-Scanner-0] INFO  User - Authenticating user: svc-devsecops360
2026-07-23 05:18:13,859 [ZAP-Scanner-0] INFO  User - Authentication failed for user: svc-devsecops360
2026-07-23 05:18:13,866 [ZAP-Scanner-0] INFO  User - Authenticating user: svc-devsecops360
2026-07-23 05:18:13,866 [ZAP-Scanner-0] INFO  User - Authentication failed for user: svc-devsecops360
2026-07-23 05:18:13,887 [ZAP-ActiveScanner-0] INFO  User - Authenticating user: svc-devsecops360
2026-07-23 05:18:13,887 [ZAP-ActiveScanner-0] INFO  User - Authentication failed for user: svc-devsecops360
2026-07-23 05:18:13,893 [ZAP-ActiveScanner-0] INFO  User - Authenticating user: svc-devsecops360
2026-07-23 05:18:13,893 [ZAP-ActiveScanner-0] INFO  User - Authentication failed for user: svc-devsecops360
2026-07-23 05:18:13,916 [ZAP-ActiveScanner-1] INFO  User - Authenticating user: svc-devsecops360
2026-07-23 05:18:13,916 [ZAP-ActiveScanner-1] INFO  User - Authentication failed for user: svc-devsecops360
2026-07-23 05:18:13,922 [ZAP-ActiveScanner-1] INFO  User - Authenticating user: svc-devsecops360
2026-07-23 05:18:13,923 [ZAP-ActiveScanner-1] INFO  User - Authentication failed for user: svc-devsecops360
2026-07-23 05:18:13,938 [ZAP-ActiveScanner-6] INFO  User - Authenticating user: svc-devsecops360
2026-07-23 05:18:13,938 [ZAP-ActiveScanner-6] INFO  User - Authentication failed for user: svc-devsecops360
2026-07-23 05:18:13,951 [ZAP-ActiveScanner-6] INFO  User - Authenticating user: svc-devsecops360
2026-07-23 05:18:13,951 [ZAP-ActiveScanner-6] INFO  User - Authentication failed for user: svc-devsecops360
2026-07-23 05:18:13,969 [ZAP-ActiveScanner-5] INFO  User - Authenticating user: svc-devsecops360
2026-07-23 05:18:13,969 [ZAP-ActiveScanner-5] INFO  User - Authentication failed for user: svc-devsecops360
2026-07-23 05:18:13,978 [ZAP-ActiveScanner-5] INFO  User - Authenticating user: svc-devsecops360
2026-07-23 05:18:13,978 [ZAP-ActiveScanner-5] INFO  User - Authentication failed for user: svc-devsecops360
2026-07-23 05:18:13,991 [ZAP-ActiveScanner-4] INFO  User - Authenticating user: svc-devsecops360
2026-07-23 05:18:13,991 [ZAP-ActiveScanner-4] INFO  User - Authentication failed for user: svc-devsecops360
2026-07-23 05:18:14,013 [ZAP-ActiveScanner-3] INFO  User - Authenticating user: svc-devsecops360
2026-07-23 05:18:14,013 [ZAP-ActiveScanner-3] INFO  User - Authentication failed for user: svc-devsecops360
2026-07-23 05:18:14,021 [ZAP-ActiveScanner-3] INFO  User - Authenticating user: svc-devsecops360
2026-07-23 05:18:14,021 [ZAP-ActiveScanner-3] INFO  User - Authentication failed for user: svc-devsecops360
2026-07-23 05:18:14,038 [ZAP-ActiveScanner-2] INFO  User - Authenticating user: svc-devsecops360
2026-07-23 05:18:14,038 [ZAP-ActiveScanner-2] INFO  User - Authentication failed for user: svc-devsecops360
2026-07-23 05:18:14,123 [ZAP-Scanner-0] INFO  HostProcess - completed host/plugin https://devsecops360.fusion.co.th | PersistentXssSpiderScanRule in 0.29s with 7 message(s) sent and 0 alert(s) raised.
2026-07-23 05:18:14,123 [ZAP-Scanner-0] INFO  HostProcess - start host https://devsecops360.fusion.co.th | PersistentXssScanRule strength MEDIUM threshold MEDIUM
2026-07-23 05:18:14,145 [ZAP-Scanner-0] INFO  User - Authenticating user: svc-devsecops360
2026-07-23 05:18:14,145 [ZAP-Scanner-0] INFO  User - Authentication failed for user: svc-devsecops360
2026-07-23 05:18:14,152 [ZAP-Scanner-0] INFO  User - Authenticating user: svc-devsecops360
2026-07-23 05:18:14,152 [ZAP-Scanner-0] INFO  User - Authentication failed for user: svc-devsecops360
2026-07-23 05:18:14,162 [ZAP-Scanner-0] INFO  HostProcess - completed host/plugin https://devsecops360.fusion.co.th | PersistentXssScanRule in 0.039s with 0 message(s) sent and 0 alert(s) raised.
2026-07-23 05:18:14,162 [ZAP-Scanner-0] INFO  HostProcess - start host https://devsecops360.fusion.co.th | SqlInjectionScanRule strength MEDIUM threshold MEDIUM
2026-07-23 05:18:14,187 [ZAP-Scanner-0] INFO  User - Authenticating user: svc-devsecops360
2026-07-23 05:18:14,187 [ZAP-Scanner-0] INFO  User - Authentication failed for user: svc-devsecops360
2026-07-23 05:18:14,193 [ZAP-Scanner-0] INFO  User - Authenticating user: svc-devsecops360
2026-07-23 05:18:14,193 [ZAP-Scanner-0] INFO  User - Authentication failed for user: svc-devsecops360
2026-07-23 05:18:14,205 [ZAP-Scanner-0] INFO  HostProcess - completed host/plugin https://devsecops360.fusion.co.th | SqlInjectionScanRule in 0.043s with 0 message(s) sent and 0 alert(s) raised.
2026-07-23 05:18:14,205 [ZAP-Scanner-0] INFO  HostProcess - start host https://devsecops360.fusion.co.th | SqlInjectionMySqlTimingScanRule strength MEDIUM threshold MEDIUM
2026-07-23 05:18:14,231 [ZAP-Scanner-0] INFO  User - Authenticating user: svc-devsecops360
2026-07-23 05:18:14,231 [ZAP-Scanner-0] INFO  User - Authentication failed for user: svc-devsecops360
2026-07-23 05:18:14,236 [ZAP-Scanner-0] INFO  User - Authenticating user: svc-devsecops360
2026-07-23 05:18:14,236 [ZAP-Scanner-0] INFO  User - Authentication failed for user: svc-devsecops360
2026-07-23 05:18:14,250 [ZAP-Scanner-0] INFO  HostProcess - completed host/plugin https://devsecops360.fusion.co.th | SqlInjectionMySqlTimingScanRule in 0.045s with 0 message(s) sent and 0 alert(s) raised.
2026-07-23 05:18:14,250 [ZAP-Scanner-0] INFO  HostProcess - start host https://devsecops360.fusion.co.th | SqlInjectionHypersonicTimingScanRule strength MEDIUM threshold MEDIUM
2026-07-23 05:18:14,279 [ZAP-Scanner-0] INFO  User - Authenticating user: svc-devsecops360
2026-07-23 05:18:14,280 [ZAP-Scanner-0] INFO  User - Authentication failed for user: svc-devsecops360
2026-07-23 05:18:14,285 [ZAP-Scanner-0] INFO  User - Authenticating user: svc-devsecops360
2026-07-23 05:18:14,285 [ZAP-Scanner-0] INFO  User - Authentication failed for user: svc-devsecops360
2026-07-23 05:18:14,298 [ZAP-Scanner-0] INFO  HostProcess - completed host/plugin https://devsecops360.fusion.co.th | SqlInjectionHypersonicTimingScanRule in 0.048s with 0 message(s) sent and 0 alert(s) raised.
2026-07-23 05:18:14,299 [ZAP-Scanner-0] INFO  HostProcess - start host https://devsecops360.fusion.co.th | SqlInjectionOracleTimingScanRule strength MEDIUM threshold MEDIUM
2026-07-23 05:18:14,327 [ZAP-Scanner-0] INFO  User - Authenticating user: svc-devsecops360
2026-07-23 05:18:14,327 [ZAP-Scanner-0] INFO  User - Authentication failed for user: svc-devsecops360
2026-07-23 05:18:14,333 [ZAP-Scanner-0] INFO  User - Authenticating user: svc-devsecops360
2026-07-23 05:18:14,334 [ZAP-Scanner-0] INFO  User - Authentication failed for user: svc-devsecops360
2026-07-23 05:18:14,346 [ZAP-Scanner-0] INFO  HostProcess - completed host/plugin https://devsecops360.fusion.co.th | SqlInjectionOracleTimingScanRule in 0.046s with 0 message(s) sent and 0 alert(s) raised.
2026-07-23 05:18:14,346 [ZAP-Scanner-0] INFO  HostProcess - start host https://devsecops360.fusion.co.th | SqlInjectionPostgreSqlTimingScanRule strength MEDIUM threshold MEDIUM
2026-07-23 05:18:14,370 [ZAP-Scanner-0] INFO  User - Authenticating user: svc-devsecops360
2026-07-23 05:18:14,371 [ZAP-Scanner-0] INFO  User - Authentication failed for user: svc-devsecops360
2026-07-23 05:18:14,376 [ZAP-Scanner-0] INFO  User - Authenticating user: svc-devsecops360
2026-07-23 05:18:14,376 [ZAP-Scanner-0] INFO  User - Authentication failed for user: svc-devsecops360
2026-07-23 05:18:14,388 [ZAP-Scanner-0] INFO  HostProcess - completed host/plugin https://devsecops360.fusion.co.th | SqlInjectionPostgreSqlTimingScanRule in 0.042s with 0 message(s) sent and 0 alert(s) raised.
2026-07-23 05:18:14,388 [ZAP-Scanner-0] INFO  HostProcess - start host https://devsecops360.fusion.co.th | DomXssScanRule strength MEDIUM threshold MEDIUM
2026-07-23 05:18:14,416 [ZAP-Scanner-0] INFO  User - Authenticating user: svc-devsecops360
2026-07-23 05:18:14,416 [ZAP-Scanner-0] INFO  User - Authentication failed for user: svc-devsecops360
2026-07-23 05:18:14,424 [ZAP-Scanner-0] INFO  User - Authenticating user: svc-devsecops360
2026-07-23 05:18:14,425 [ZAP-Scanner-0] INFO  User - Authentication failed for user: svc-devsecops360
2026-07-23 05:18:18,819 [ZAP-IO-Server-1-1] INFO  User - Authenticating user: svc-devsecops360
2026-07-23 05:18:18,820 [ZAP-IO-Server-1-1] INFO  User - Authentication failed for user: svc-devsecops360
2026-07-23 05:18:24,063 [ZAP-IO-Server-1-1] INFO  User - Authenticating user: svc-devsecops360
2026-07-23 05:18:24,063 [ZAP-IO-Server-1-1] INFO  User - Authentication failed for user: svc-devsecops360
2026-07-23 05:18:24,158 [ZAP-IO-Server-1-3] INFO  User - Authenticating user: svc-devsecops360
2026-07-23 05:18:24,158 [ZAP-IO-Server-1-3] INFO  User - Authentication failed for user: svc-devsecops360
2026-07-23 05:18:24,303 [Thread-143] INFO  DomXssScanRule - Reaper thread starting
2026-07-23 05:18:24,406 [ZAP-IO-Server-1-2] INFO  User - Authenticating user: svc-devsecops360
2026-07-23 05:18:24,407 [ZAP-IO-Server-1-2] INFO  User - Authentication failed for user: svc-devsecops360
2026-07-23 05:18:24,494 [ZAP-IO-Server-1-3] INFO  User - Authenticating user: svc-devsecops360
2026-07-23 05:18:24,494 [ZAP-IO-Server-1-3] INFO  User - Authentication failed for user: svc-devsecops360
2026-07-23 05:18:24,603 [ZAP-IO-Server-1-1] INFO  User - Authenticating user: svc-devsecops360
2026-07-23 05:18:24,603 [ZAP-IO-Server-1-1] INFO  User - Authentication failed for user: svc-devsecops360
2026-07-23 05:18:24,614 [ZAP-IO-Server-1-1] INFO  User - Authenticating user: svc-devsecops360
2026-07-23 05:18:24,614 [ZAP-IO-Server-1-1] INFO  User - Authentication failed for user: svc-devsecops360
2026-07-23 05:18:24,736 [ZAP-IO-Server-1-1] INFO  User - Authenticating user: svc-devsecops360
2026-07-23 05:18:24,736 [ZAP-IO-Server-1-1] INFO  User - Authentication failed for user: svc-devsecops360
2026-07-23 05:18:24,754 [ZAP-IO-Server-1-1] INFO  User - Authenticating user: svc-devsecops360
2026-07-23 05:18:24,755 [ZAP-IO-Server-1-1] INFO  User - Authentication failed for user: svc-devsecops360
2026-07-23 05:18:24,837 [ZAP-IO-Server-1-2] INFO  User - Authenticating user: svc-devsecops360
2026-07-23 05:18:24,837 [ZAP-IO-Server-1-2] INFO  User - Authentication failed for user: svc-devsecops360
2026-07-23 05:18:24,925 [ZAP-IO-Server-1-4] INFO  User - Authenticating user: svc-devsecops360
2026-07-23 05:18:24,925 [ZAP-IO-Server-1-4] INFO  User - Authentication failed for user: svc-devsecops360
2026-07-23 05:18:25,088 [ZAP-IO-Server-1-4] INFO  User - Authenticating user: svc-devsecops360
2026-07-23 05:18:25,089 [ZAP-IO-Server-1-4] INFO  User - Authentication failed for user: svc-devsecops360
2026-07-23 05:18:25,178 [ZAP-IO-Server-1-2] INFO  User - Authenticating user: svc-devsecops360
2026-07-23 05:18:25,178 [ZAP-IO-Server-1-2] INFO  User - Authentication failed for user: svc-devsecops360
2026-07-23 05:18:25,195 [ZAP-IO-Server-1-2] INFO  User - Authenticating user: svc-devsecops360
2026-07-23 05:18:25,195 [ZAP-IO-Server-1-2] INFO  User - Authentication failed for user: svc-devsecops360
2026-07-23 05:18:25,271 [ZAP-IO-Server-1-6] INFO  User - Authenticating user: svc-devsecops360
2026-07-23 05:18:25,271 [ZAP-IO-Server-1-6] INFO  User - Authentication failed for user: svc-devsecops360
2026-07-23 05:18:25,379 [ZAP-IO-Server-1-1] INFO  User - Authenticating user: svc-devsecops360
2026-07-23 05:18:25,379 [ZAP-IO-Server-1-1] INFO  User - Authentication failed for user: svc-devsecops360
2026-07-23 05:18:25,504 [ZAP-IO-Server-1-6] INFO  User - Authenticating user: svc-devsecops360
2026-07-23 05:18:25,504 [ZAP-IO-Server-1-6] INFO  User - Authentication failed for user: svc-devsecops360
2026-07-23 05:18:25,516 [ZAP-IO-Server-1-6] INFO  User - Authenticating user: svc-devsecops360
2026-07-23 05:18:25,516 [ZAP-IO-Server-1-6] INFO  User - Authentication failed for user: svc-devsecops360
2026-07-23 05:18:25,690 [ZAP-IO-Server-1-6] INFO  User - Authenticating user: svc-devsecops360
2026-07-23 05:18:25,690 [ZAP-IO-Server-1-6] INFO  User - Authentication failed for user: svc-devsecops360
2026-07-23 05:18:25,724 [ZAP-IO-Server-1-6] INFO  User - Authenticating user: svc-devsecops360
2026-07-23 05:18:25,724 [ZAP-IO-Server-1-6] INFO  User - Authentication failed for user: svc-devsecops360
2026-07-23 05:18:25,816 [ZAP-IO-Server-1-2] INFO  User - Authenticating user: svc-devsecops360
2026-07-23 05:18:25,816 [ZAP-IO-Server-1-2] INFO  User - Authentication failed for user: svc-devsecops360
2026-07-23 05:18:25,995 [ZAP-IO-Server-1-1] INFO  User - Authenticating user: svc-devsecops360
2026-07-23 05:18:25,995 [ZAP-IO-Server-1-1] INFO  User - Authentication failed for user: svc-devsecops360
2026-07-23 05:18:26,135 [ZAP-IO-Server-1-2] INFO  User - Authenticating user: svc-devsecops360
2026-07-23 05:18:26,135 [ZAP-IO-Server-1-2] INFO  User - Authentication failed for user: svc-devsecops360
2026-07-23 05:18:26,247 [ZAP-IO-Server-1-5] INFO  User - Authenticating user: svc-devsecops360
2026-07-23 05:18:26,247 [ZAP-IO-Server-1-5] INFO  User - Authentication failed for user: svc-devsecops360
2026-07-23 05:18:26,359 [ZAP-IO-Server-1-2] INFO  User - Authenticating user: svc-devsecops360
2026-07-23 05:18:26,360 [ZAP-IO-Server-1-2] INFO  User - Authentication failed for user: svc-devsecops360
2026-07-23 05:18:26,375 [ZAP-IO-Server-1-2] INFO  User - Authenticating user: svc-devsecops360
2026-07-23 05:18:26,375 [ZAP-IO-Server-1-2] INFO  User - Authentication failed for user: svc-devsecops360
2026-07-23 05:18:26,459 [ZAP-IO-Server-1-1] INFO  User - Authenticating user: svc-devsecops360
2026-07-23 05:18:26,460 [ZAP-IO-Server-1-1] INFO  User - Authentication failed for user: svc-devsecops360
2026-07-23 05:18:26,572 [ZAP-IO-Server-1-7] INFO  User - Authenticating user: svc-devsecops360
2026-07-23 05:18:26,572 [ZAP-IO-Server-1-7] INFO  User - Authentication failed for user: svc-devsecops360
2026-07-23 05:18:26,590 [ZAP-IO-Server-1-7] INFO  User - Authenticating user: svc-devsecops360
2026-07-23 05:18:26,590 [ZAP-IO-Server-1-7] INFO  User - Authentication failed for user: svc-devsecops360
2026-07-23 05:18:26,775 [ZAP-IO-Server-1-7] INFO  User - Authenticating user: svc-devsecops360
2026-07-23 05:18:26,775 [ZAP-IO-Server-1-7] INFO  User - Authentication failed for user: svc-devsecops360
2026-07-23 05:18:26,872 [ZAP-IO-Server-1-8] INFO  User - Authenticating user: svc-devsecops360
2026-07-23 05:18:26,872 [ZAP-IO-Server-1-8] INFO  User - Authentication failed for user: svc-devsecops360
2026-07-23 05:18:26,896 [ZAP-IO-Server-1-8] INFO  User - Authenticating user: svc-devsecops360
2026-07-23 05:18:26,897 [ZAP-IO-Server-1-8] INFO  User - Authentication failed for user: svc-devsecops360
2026-07-23 05:18:27,005 [ZAP-IO-Server-1-1] INFO  User - Authenticating user: svc-devsecops360
2026-07-23 05:18:27,005 [ZAP-IO-Server-1-1] INFO  User - Authentication failed for user: svc-devsecops360
2026-07-23 05:18:27,111 [ZAP-IO-Server-1-2] INFO  User - Authenticating user: svc-devsecops360
2026-07-23 05:18:27,111 [ZAP-IO-Server-1-2] INFO  User - Authentication failed for user: svc-devsecops360
2026-07-23 05:18:27,208 [ZAP-IO-Server-1-5] INFO  User - Authenticating user: svc-devsecops360
2026-07-23 05:18:27,208 [ZAP-IO-Server-1-5] INFO  User - Authentication failed for user: svc-devsecops360
2026-07-23 05:18:27,372 [ZAP-IO-Server-1-6] INFO  User - Authenticating user: svc-devsecops360
2026-07-23 05:18:27,373 [ZAP-IO-Server-1-6] INFO  User - Authentication failed for user: svc-devsecops360
2026-07-23 05:18:27,514 [ZAP-IO-Server-1-2] INFO  User - Authenticating user: svc-devsecops360
2026-07-23 05:18:27,515 [ZAP-IO-Server-1-2] INFO  User - Authentication failed for user: svc-devsecops360
2026-07-23 05:18:27,654 [ZAP-IO-Server-1-3] INFO  User - Authenticating user: svc-devsecops360
2026-07-23 05:18:27,656 [ZAP-IO-Server-1-3] INFO  User - Authentication failed for user: svc-devsecops360
2026-07-23 05:18:27,818 [ZAP-IO-Server-1-7] INFO  User - Authenticating user: svc-devsecops360
2026-07-23 05:18:27,818 [ZAP-IO-Server-1-7] INFO  User - Authentication failed for user: svc-devsecops360
2026-07-23 05:18:27,945 [ZAP-IO-Server-1-9] INFO  User - Authenticating user: svc-devsecops360
2026-07-23 05:18:27,945 [ZAP-IO-Server-1-9] INFO  User - Authentication failed for user: svc-devsecops360
2026-07-23 05:18:28,064 [ZAP-IO-Server-1-2] INFO  User - Authenticating user: svc-devsecops360
2026-07-23 05:18:28,065 [ZAP-IO-Server-1-2] INFO  User - Authentication failed for user: svc-devsecops360
2026-07-23 05:18:28,252 [ZAP-IO-Server-1-3] INFO  User - Authenticating user: svc-devsecops360
2026-07-23 05:18:28,252 [ZAP-IO-Server-1-3] INFO  User - Authentication failed for user: svc-devsecops360
2026-07-23 05:18:28,271 [ZAP-IO-Server-1-3] INFO  User - Authenticating user: svc-devsecops360
2026-07-23 05:18:28,271 [ZAP-IO-Server-1-3] INFO  User - Authentication failed for user: svc-devsecops360
2026-07-23 05:18:28,381 [ZAP-IO-Server-1-5] INFO  User - Authenticating user: svc-devsecops360
2026-07-23 05:18:28,382 [ZAP-IO-Server-1-5] INFO  User - Authentication failed for user: svc-devsecops360
2026-07-23 05:18:28,468 [ZAP-IO-Server-1-6] INFO  User - Authenticating user: svc-devsecops360
2026-07-23 05:18:28,468 [ZAP-IO-Server-1-6] INFO  User - Authentication failed for user: svc-devsecops360
2026-07-23 05:18:28,582 [ZAP-IO-Server-1-7] INFO  User - Authenticating user: svc-devsecops360
2026-07-23 05:18:28,585 [ZAP-IO-Server-1-7] INFO  User - Authentication failed for user: svc-devsecops360
2026-07-23 05:18:28,599 [ZAP-IO-Server-1-7] INFO  User - Authenticating user: svc-devsecops360
2026-07-23 05:18:28,599 [ZAP-IO-Server-1-7] INFO  User - Authentication failed for user: svc-devsecops360
2026-07-23 05:18:28,724 [ZAP-IO-Server-1-6] INFO  User - Authenticating user: svc-devsecops360
2026-07-23 05:18:28,725 [ZAP-IO-Server-1-6] INFO  User - Authentication failed for user: svc-devsecops360
2026-07-23 05:18:28,817 [ZAP-IO-Server-1-3] INFO  User - Authenticating user: svc-devsecops360
2026-07-23 05:18:28,817 [ZAP-IO-Server-1-3] INFO  User - Authentication failed for user: svc-devsecops360
2026-07-23 05:18:28,969 [ZAP-IO-Server-1-9] INFO  User - Authenticating user: svc-devsecops360
2026-07-23 05:18:28,969 [ZAP-IO-Server-1-9] INFO  User - Authentication failed for user: svc-devsecops360
2026-07-23 05:18:29,096 [ZAP-IO-Server-1-2] INFO  User - Authenticating user: svc-devsecops360
2026-07-23 05:18:29,096 [ZAP-IO-Server-1-2] INFO  User - Authentication failed for user: svc-devsecops360
2026-07-23 05:18:29,108 [ZAP-IO-Server-1-2] INFO  User - Authenticating user: svc-devsecops360
2026-07-23 05:18:29,109 [ZAP-IO-Server-1-2] INFO  User - Authentication failed for user: svc-devsecops360
2026-07-23 05:18:29,239 [ZAP-IO-Server-1-5] INFO  User - Authenticating user: svc-devsecops360
2026-07-23 05:18:29,239 [ZAP-IO-Server-1-5] INFO  User - Authentication failed for user: svc-devsecops360
2026-07-23 05:18:29,340 [ZAP-IO-Server-1-1] INFO  User - Authenticating user: svc-devsecops360
2026-07-23 05:18:29,342 [ZAP-IO-Server-1-1] INFO  User - Authentication failed for user: svc-devsecops360
2026-07-23 05:18:29,352 [ZAP-IO-Server-1-1] INFO  User - Authenticating user: svc-devsecops360
2026-07-23 05:18:29,353 [ZAP-IO-Server-1-1] INFO  User - Authentication failed for user: svc-devsecops360
2026-07-23 05:18:29,454 [ZAP-IO-Server-1-9] INFO  User - Authenticating user: svc-devsecops360
2026-07-23 05:18:29,455 [ZAP-IO-Server-1-9] INFO  User - Authentication failed for user: svc-devsecops360
2026-07-23 05:18:29,619 [ZAP-IO-Server-1-7] INFO  User - Authenticating user: svc-devsecops360
2026-07-23 05:18:29,619 [ZAP-IO-Server-1-7] INFO  User - Authentication failed for user: svc-devsecops360
2026-07-23 05:18:29,733 [ZAP-IO-Server-1-5] INFO  User - Authenticating user: svc-devsecops360
2026-07-23 05:18:29,733 [ZAP-IO-Server-1-5] INFO  User - Authentication failed for user: svc-devsecops360
2026-07-23 05:18:29,792 [ZAP-IO-Server-1-5] INFO  User - Authenticating user: svc-devsecops360
2026-07-23 05:18:29,793 [ZAP-IO-Server-1-5] INFO  User - Authentication failed for user: svc-devsecops360
2026-07-23 05:18:29,830 [ZAP-IO-Server-1-9] INFO  User - Authenticating user: svc-devsecops360
2026-07-23 05:18:29,831 [ZAP-IO-Server-1-9] INFO  User - Authentication failed for user: svc-devsecops360
2026-07-23 05:18:29,978 [ZAP-IO-Server-1-1] INFO  User - Authenticating user: svc-devsecops360
2026-07-23 05:18:29,979 [ZAP-IO-Server-1-1] INFO  User - Authentication failed for user: svc-devsecops360
2026-07-23 05:18:29,990 [ZAP-IO-Server-1-1] INFO  User - Authenticating user: svc-devsecops360
2026-07-23 05:18:29,990 [ZAP-IO-Server-1-1] INFO  User - Authentication failed for user: svc-devsecops360
2026-07-23 05:18:30,125 [ZAP-IO-Server-1-6] INFO  User - Authenticating user: svc-devsecops360
2026-07-23 05:18:30,126 [ZAP-IO-Server-1-6] INFO  User - Authentication failed for user: svc-devsecops360
2026-07-23 05:18:30,289 [ZAP-IO-Server-1-7] INFO  User - Authenticating user: svc-devsecops360
2026-07-23 05:18:30,289 [ZAP-IO-Server-1-7] INFO  User - Authentication failed for user: svc-devsecops360
2026-07-23 05:18:30,477 [ZAP-IO-Server-1-5] INFO  User - Authenticating user: svc-devsecops360
2026-07-23 05:18:30,477 [ZAP-IO-Server-1-5] INFO  User - Authentication failed for user: svc-devsecops360
2026-07-23 05:18:30,592 [ZAP-IO-Server-1-3] INFO  User - Authenticating user: svc-devsecops360
2026-07-23 05:18:30,592 [ZAP-IO-Server-1-3] INFO  User - Authentication failed for user: svc-devsecops360
2026-07-23 05:18:30,610 [ZAP-IO-Server-1-3] INFO  User - Authenticating user: svc-devsecops360
2026-07-23 05:18:30,610 [ZAP-IO-Server-1-3] INFO  User - Authentication failed for user: svc-devsecops360
2026-07-23 05:18:30,718 [ZAP-IO-Server-1-1] INFO  User - Authenticating user: svc-devsecops360
2026-07-23 05:18:30,718 [ZAP-IO-Server-1-1] INFO  User - Authentication failed for user: svc-devsecops360
2026-07-23 05:18:30,834 [ZAP-IO-Server-1-10] INFO  User - Authenticating user: svc-devsecops360
2026-07-23 05:18:30,835 [ZAP-IO-Server-1-10] INFO  User - Authentication failed for user: svc-devsecops360
2026-07-23 05:18:30,847 [ZAP-IO-Server-1-10] INFO  User - Authenticating user: svc-devsecops360
2026-07-23 05:18:30,854 [ZAP-IO-Server-1-10] INFO  User - Authentication failed for user: svc-devsecops360
2026-07-23 05:18:30,958 [ZAP-IO-Server-1-9] INFO  User - Authenticating user: svc-devsecops360
2026-07-23 05:18:30,958 [ZAP-IO-Server-1-9] INFO  User - Authentication failed for user: svc-devsecops360
2026-07-23 05:18:31,177 [ZAP-IO-Server-1-6] INFO  User - Authenticating user: svc-devsecops360
2026-07-23 05:18:31,177 [ZAP-IO-Server-1-6] INFO  User - Authentication failed for user: svc-devsecops360
2026-07-23 05:18:31,324 [ZAP-IO-Server-1-2] INFO  User - Authenticating user: svc-devsecops360
2026-07-23 05:18:31,325 [ZAP-IO-Server-1-2] INFO  User - Authentication failed for user: svc-devsecops360
2026-07-23 05:18:31,347 [ZAP-IO-Server-1-2] INFO  User - Authenticating user: svc-devsecops360
2026-07-23 05:18:31,347 [ZAP-IO-Server-1-2] INFO  User - Authentication failed for user: svc-devsecops360
2026-07-23 05:18:31,530 [ZAP-IO-Server-1-7] INFO  User - Authenticating user: svc-devsecops360
2026-07-23 05:18:31,531 [ZAP-IO-Server-1-7] INFO  User - Authentication failed for user: svc-devsecops360
2026-07-23 05:18:31,631 [ZAP-IO-Server-1-6] INFO  User - Authenticating user: svc-devsecops360
2026-07-23 05:18:31,631 [ZAP-IO-Server-1-6] INFO  User - Authentication failed for user: svc-devsecops360
2026-07-23 05:18:31,648 [ZAP-IO-Server-1-6] INFO  User - Authenticating user: svc-devsecops360
2026-07-23 05:18:31,648 [ZAP-IO-Server-1-6] INFO  User - Authentication failed for user: svc-devsecops360
2026-07-23 05:18:31,769 [ZAP-IO-Server-1-10] INFO  User - Authenticating user: svc-devsecops360
2026-07-23 05:18:31,769 [ZAP-IO-Server-1-10] INFO  User - Authentication failed for user: svc-devsecops360
2026-07-23 05:18:31,783 [ZAP-IO-Server-1-10] INFO  User - Authenticating user: svc-devsecops360
2026-07-23 05:18:31,783 [ZAP-IO-Server-1-10] INFO  User - Authentication failed for user: svc-devsecops360
2026-07-23 05:18:31,947 [ZAP-IO-Server-1-7] INFO  User - Authenticating user: svc-devsecops360
2026-07-23 05:18:31,951 [ZAP-IO-Server-1-7] INFO  User - Authentication failed for user: svc-devsecops360
2026-07-23 05:18:31,976 [ZAP-IO-Server-1-7] INFO  User - Authenticating user: svc-devsecops360
2026-07-23 05:18:31,976 [ZAP-IO-Server-1-7] INFO  User - Authentication failed for user: svc-devsecops360
2026-07-23 05:18:32,155 [ZAP-IO-Server-1-2] INFO  User - Authenticating user: svc-devsecops360
2026-07-23 05:18:32,156 [ZAP-IO-Server-1-2] INFO  User - Authentication failed for user: svc-devsecops360
2026-07-23 05:18:32,350 [ZAP-IO-Server-1-3] INFO  User - Authenticating user: svc-devsecops360
2026-07-23 05:18:32,350 [ZAP-IO-Server-1-3] INFO  User - Authentication failed for user: svc-devsecops360
2026-07-23 05:18:32,497 [ZAP-IO-Server-1-6] INFO  User - Authenticating user: svc-devsecops360
2026-07-23 05:18:32,497 [ZAP-IO-Server-1-6] INFO  User - Authentication failed for user: svc-devsecops360
2026-07-23 05:18:32,592 [ZAP-IO-Server-1-9] INFO  User - Authenticating user: svc-devsecops360
2026-07-23 05:18:32,593 [ZAP-IO-Server-1-9] INFO  User - Authentication failed for user: svc-devsecops360
2026-07-23 05:18:32,625 [ZAP-IO-Server-1-9] INFO  User - Authenticating user: svc-devsecops360
2026-07-23 05:18:32,625 [ZAP-IO-Server-1-9] INFO  User - Authentication failed for user: svc-devsecops360
2026-07-23 05:18:32,693 [ZAP-IO-Server-1-10] INFO  User - Authenticating user: svc-devsecops360
2026-07-23 05:18:32,696 [ZAP-IO-Server-1-10] INFO  User - Authentication failed for user: svc-devsecops360
2026-07-23 05:18:32,992 [ZAP-IO-Server-1-9] INFO  User - Authenticating user: svc-devsecops360
2026-07-23 05:18:32,993 [ZAP-IO-Server-1-9] INFO  User - Authentication failed for user: svc-devsecops360
2026-07-23 05:18:33,182 [ZAP-IO-Server-1-10] INFO  User - Authenticating user: svc-devsecops360
2026-07-23 05:18:33,183 [ZAP-IO-Server-1-10] INFO  User - Authentication failed for user: svc-devsecops360
2026-07-23 05:18:33,332 [ZAP-IO-Server-1-6] INFO  User - Authenticating user: svc-devsecops360
2026-07-23 05:18:33,333 [ZAP-IO-Server-1-6] INFO  User - Authentication failed for user: svc-devsecops360
2026-07-23 05:18:33,351 [ZAP-IO-Server-1-6] INFO  User - Authenticating user: svc-devsecops360
2026-07-23 05:18:33,351 [ZAP-IO-Server-1-6] INFO  User - Authentication failed for user: svc-devsecops360
2026-07-23 05:18:33,799 [ZAP-IO-Server-1-10] INFO  User - Authenticating user: svc-devsecops360
2026-07-23 05:18:33,799 [ZAP-IO-Server-1-10] INFO  User - Authentication failed for user: svc-devsecops360
2026-07-23 05:18:33,816 [ZAP-IO-Server-1-10] INFO  User - Authenticating user: svc-devsecops360
2026-07-23 05:18:33,816 [ZAP-IO-Server-1-10] INFO  User - Authentication failed for user: svc-devsecops360
2026-07-23 05:18:35,230 [ZAP-IO-Server-1-10] INFO  User - Authenticating user: svc-devsecops360
2026-07-23 05:18:35,230 [ZAP-IO-Server-1-10] INFO  User - Authentication failed for user: svc-devsecops360
2026-07-23 05:18:35,257 [ZAP-IO-Server-1-10] INFO  User - Authenticating user: svc-devsecops360
2026-07-23 05:18:35,257 [ZAP-IO-Server-1-10] INFO  User - Authentication failed for user: svc-devsecops360
2026-07-23 05:18:35,563 [ZAP-IO-Server-1-6] INFO  User - Authenticating user: svc-devsecops360
2026-07-23 05:18:35,563 [ZAP-IO-Server-1-6] INFO  User - Authentication failed for user: svc-devsecops360
2026-07-23 05:18:35,578 [ZAP-IO-Server-1-6] INFO  User - Authenticating user: svc-devsecops360
2026-07-23 05:18:35,578 [ZAP-IO-Server-1-6] INFO  User - Authentication failed for user: svc-devsecops360
2026-07-23 05:18:35,665 [ZAP-IO-Server-1-10] INFO  User - Authenticating user: svc-devsecops360
2026-07-23 05:18:35,665 [ZAP-IO-Server-1-10] INFO  User - Authentication failed for user: svc-devsecops360
2026-07-23 05:18:35,687 [ZAP-IO-Server-1-10] INFO  User - Authenticating user: svc-devsecops360
2026-07-23 05:18:35,687 [ZAP-IO-Server-1-10] INFO  User - Authentication failed for user: svc-devsecops360
2026-07-23 05:18:36,000 [ZAP-IO-Server-1-6] INFO  User - Authenticating user: svc-devsecops360
2026-07-23 05:18:36,002 [ZAP-IO-Server-1-6] INFO  User - Authentication failed for user: svc-devsecops360
2026-07-23 05:18:36,020 [ZAP-IO-Server-1-6] INFO  User - Authenticating user: svc-devsecops360
2026-07-23 05:18:36,020 [ZAP-IO-Server-1-6] INFO  User - Authentication failed for user: svc-devsecops360
2026-07-23 05:18:36,480 [ZAP-IO-Server-1-6] INFO  User - Authenticating user: svc-devsecops360
2026-07-23 05:18:36,480 [ZAP-IO-Server-1-6] INFO  User - Authentication failed for user: svc-devsecops360
2026-07-23 05:18:36,492 [ZAP-IO-Server-1-6] INFO  User - Authenticating user: svc-devsecops360
2026-07-23 05:18:36,492 [ZAP-IO-Server-1-6] INFO  User - Authentication failed for user: svc-devsecops360
2026-07-23 05:18:36,622 [ZAP-IO-Server-1-6] INFO  User - Authenticating user: svc-devsecops360
2026-07-23 05:18:36,622 [ZAP-IO-Server-1-6] INFO  User - Authentication failed for user: svc-devsecops360
2026-07-23 05:18:36,636 [ZAP-IO-Server-1-6] INFO  User - Authenticating user: svc-devsecops360
2026-07-23 05:18:36,636 [ZAP-IO-Server-1-6] INFO  User - Authentication failed for user: svc-devsecops360
2026-07-23 05:18:36,709 [ZAP-IO-Server-1-9] INFO  User - Authenticating user: svc-devsecops360
2026-07-23 05:18:36,710 [ZAP-IO-Server-1-9] INFO  User - Authentication failed for user: svc-devsecops360
2026-07-23 05:18:36,723 [ZAP-IO-Server-1-9] INFO  User - Authenticating user: svc-devsecops360
2026-07-23 05:18:36,723 [ZAP-IO-Server-1-9] INFO  User - Authentication failed for user: svc-devsecops360
2026-07-23 05:18:36,764 [ZAP-IO-Server-1-7] INFO  User - Authenticating user: svc-devsecops360
2026-07-23 05:18:36,764 [ZAP-IO-Server-1-7] INFO  User - Authentication failed for user: svc-devsecops360
2026-07-23 05:18:36,806 [ZAP-IO-Server-1-10] INFO  User - Authenticating user: svc-devsecops360
2026-07-23 05:18:36,806 [ZAP-IO-Server-1-10] INFO  User - Authentication failed for user: svc-devsecops360
2026-07-23 05:18:36,815 [ZAP-IO-Server-1-10] INFO  User - Authenticating user: svc-devsecops360
2026-07-23 05:18:36,815 [ZAP-IO-Server-1-10] INFO  User - Authentication failed for user: svc-devsecops360
2026-07-23 05:18:36,880 [ZAP-IO-Server-1-3] INFO  User - Authenticating user: svc-devsecops360
2026-07-23 05:18:36,881 [ZAP-IO-Server-1-3] INFO  User - Authentication failed for user: svc-devsecops360
2026-07-23 05:18:36,903 [ZAP-IO-Server-1-3] INFO  User - Authenticating user: svc-devsecops360
2026-07-23 05:18:36,904 [ZAP-IO-Server-1-3] INFO  User - Authentication failed for user: svc-devsecops360
2026-07-23 05:18:36,997 [ZAP-IO-Server-1-2] INFO  User - Authenticating user: svc-devsecops360
2026-07-23 05:18:36,998 [ZAP-IO-Server-1-2] INFO  User - Authentication failed for user: svc-devsecops360
2026-07-23 05:18:37,016 [ZAP-IO-Server-1-2] INFO  User - Authenticating user: svc-devsecops360
2026-07-23 05:18:37,016 [ZAP-IO-Server-1-2] INFO  User - Authentication failed for user: svc-devsecops360
2026-07-23 05:18:37,157 [ZAP-IO-Server-1-4] INFO  User - Authenticating user: svc-devsecops360
2026-07-23 05:18:37,158 [ZAP-IO-Server-1-4] INFO  User - Authentication failed for user: svc-devsecops360
2026-07-23 05:18:37,661 [ZAP-IO-Server-1-10] INFO  User - Authenticating user: svc-devsecops360
2026-07-23 05:18:37,661 [ZAP-IO-Server-1-10] INFO  User - Authentication failed for user: svc-devsecops360
2026-07-23 05:18:37,982 [ZAP-IO-Server-1-3] INFO  User - Authenticating user: svc-devsecops360
2026-07-23 05:18:37,982 [ZAP-IO-Server-1-3] INFO  User - Authentication failed for user: svc-devsecops360
2026-07-23 05:18:38,008 [ZAP-IO-Server-1-3] INFO  User - Authenticating user: svc-devsecops360
2026-07-23 05:18:38,008 [ZAP-IO-Server-1-3] INFO  User - Authentication failed for user: svc-devsecops360
2026-07-23 05:18:38,216 [ZAP-IO-Server-1-2] INFO  User - Authenticating user: svc-devsecops360
2026-07-23 05:18:38,216 [ZAP-IO-Server-1-2] INFO  User - Authentication failed for user: svc-devsecops360
2026-07-23 05:18:38,248 [ZAP-IO-Server-1-2] INFO  User - Authenticating user: svc-devsecops360
2026-07-23 05:18:38,249 [ZAP-IO-Server-1-2] INFO  User - Authentication failed for user: svc-devsecops360
2026-07-23 05:18:38,588 [ZAP-IO-Server-1-9] INFO  User - Authenticating user: svc-devsecops360
2026-07-23 05:18:38,588 [ZAP-IO-Server-1-9] INFO  User - Authentication failed for user: svc-devsecops360
2026-07-23 05:18:38,613 [ZAP-IO-Server-1-7] INFO  User - Authenticating user: svc-devsecops360
2026-07-23 05:18:38,613 [ZAP-IO-Server-1-7] INFO  User - Authentication failed for user: svc-devsecops360
2026-07-23 05:18:38,613 [ZAP-IO-Server-1-9] INFO  User - Authenticating user: svc-devsecops360
2026-07-23 05:18:38,613 [ZAP-IO-Server-1-9] INFO  User - Authentication failed for user: svc-devsecops360
2026-07-23 05:18:38,768 [ZAP-IO-Server-1-3] INFO  User - Authenticating user: svc-devsecops360
2026-07-23 05:18:38,768 [ZAP-IO-Server-1-3] INFO  User - Authentication failed for user: svc-devsecops360
2026-07-23 05:18:38,792 [ZAP-IO-Server-1-3] INFO  User - Authenticating user: svc-devsecops360
2026-07-23 05:18:38,792 [ZAP-IO-Server-1-3] INFO  User - Authentication failed for user: svc-devsecops360
2026-07-23 05:18:38,872 [ZAP-IO-Server-1-4] INFO  User - Authenticating user: svc-devsecops360
2026-07-23 05:18:38,872 [ZAP-IO-Server-1-4] INFO  User - Authentication failed for user: svc-devsecops360
2026-07-23 05:18:38,945 [ZAP-IO-Server-1-3] INFO  User - Authenticating user: svc-devsecops360
2026-07-23 05:18:38,947 [ZAP-IO-Server-1-3] INFO  User - Authentication failed for user: svc-devsecops360
2026-07-23 05:18:39,018 [ZAP-IO-Server-1-10] INFO  User - Authenticating user: svc-devsecops360
2026-07-23 05:18:39,018 [ZAP-IO-Server-1-10] INFO  User - Authentication failed for user: svc-devsecops360
2026-07-23 05:18:39,102 [ZAP-IO-Server-1-6] INFO  User - Authenticating user: svc-devsecops360
2026-07-23 05:18:39,102 [ZAP-IO-Server-1-6] INFO  User - Authentication failed for user: svc-devsecops360
2026-07-23 05:18:39,346 [ZAP-IO-Server-1-9] INFO  User - Authenticating user: svc-devsecops360
2026-07-23 05:18:39,346 [ZAP-IO-Server-1-9] INFO  User - Authentication failed for user: svc-devsecops360
2026-07-23 05:18:39,384 [ZAP-IO-Server-1-9] INFO  User - Authenticating user: svc-devsecops360
2026-07-23 05:18:39,384 [ZAP-IO-Server-1-9] INFO  User - Authentication failed for user: svc-devsecops360
2026-07-23 05:18:39,486 [ZAP-IO-Server-1-2] INFO  User - Authenticating user: svc-devsecops360
2026-07-23 05:18:39,486 [ZAP-IO-Server-1-2] INFO  User - Authentication failed for user: svc-devsecops360
2026-07-23 05:18:39,501 [ZAP-Scanner-0] INFO  HostProcess - completed host/plugin https://devsecops360.fusion.co.th | DomXssScanRule in 25.112s with 56 message(s) sent and 0 alert(s) raised.
2026-07-23 05:18:39,506 [ZAP-IO-Server-1-2] INFO  User - Authenticating user: svc-devsecops360
2026-07-23 05:18:39,506 [ZAP-IO-Server-1-2] INFO  User - Authentication failed for user: svc-devsecops360
2026-07-23 05:18:39,713 [ZAP-IO-Server-1-7] INFO  User - Authenticating user: svc-devsecops360
2026-07-23 05:18:39,714 [ZAP-IO-Server-1-7] INFO  User - Authentication failed for user: svc-devsecops360
2026-07-23 05:18:39,854 [ZAP-IO-Server-1-4] INFO  User - Authenticating user: svc-devsecops360
2026-07-23 05:18:39,855 [ZAP-IO-Server-1-4] INFO  User - Authentication failed for user: svc-devsecops360
2026-07-23 05:18:40,164 [ZAP-IO-Server-1-3] INFO  User - Authenticating user: svc-devsecops360
2026-07-23 05:18:40,164 [ZAP-IO-Server-1-3] INFO  User - Authentication failed for user: svc-devsecops360
2026-07-23 05:18:41,276 [ZAP-IO-Server-1-7] INFO  User - Authenticating user: svc-devsecops360
2026-07-23 05:18:41,276 [ZAP-IO-Server-1-7] INFO  User - Authentication failed for user: svc-devsecops360
2026-07-23 05:18:41,533 [ZAP-IO-Server-1-4] INFO  User - Authenticating user: svc-devsecops360
2026-07-23 05:18:41,533 [ZAP-IO-Server-1-4] INFO  User - Authentication failed for user: svc-devsecops360
2026-07-23 05:18:42,956 [ZAP-IO-Server-1-6] INFO  User - Authenticating user: svc-devsecops360
2026-07-23 05:18:42,957 [ZAP-IO-Server-1-6] INFO  User - Authentication failed for user: svc-devsecops360
2026-07-23 05:18:44,375 [ZAP-DomXssReaper] INFO  DomXssScanRule - Reaper thread exiting 0
2026-07-23 05:18:47,669 [ZAP-Scanner-0] INFO  HostProcess - start host https://devsecops360.fusion.co.th | SqlInjectionMsSqlTimingScanRule strength MEDIUM threshold MEDIUM
2026-07-23 05:18:47,693 [ZAP-Scanner-0] INFO  User - Authenticating user: svc-devsecops360
2026-07-23 05:18:47,694 [ZAP-Scanner-0] INFO  User - Authentication failed for user: svc-devsecops360
2026-07-23 05:18:47,702 [ZAP-Scanner-0] INFO  User - Authenticating user: svc-devsecops360
2026-07-23 05:18:47,703 [ZAP-Scanner-0] INFO  User - Authentication failed for user: svc-devsecops360
2026-07-23 05:18:47,712 [ZAP-Scanner-0] INFO  HostProcess - completed host/plugin https://devsecops360.fusion.co.th | SqlInjectionMsSqlTimingScanRule in 0.043s with 0 message(s) sent and 0 alert(s) raised.
2026-07-23 05:18:47,712 [ZAP-Scanner-0] INFO  HostProcess - start host https://devsecops360.fusion.co.th | Log4ShellScanRule strength MEDIUM threshold MEDIUM
2026-07-23 05:18:47,714 [ZAP-Scanner-0] INFO  HostProcess - skipped plugin [no Active Scan OAST service is selected] https://devsecops360.fusion.co.th | Log4ShellScanRule in 0.002s with 0 message(s) sent and 0 alert(s) raised.
2026-07-23 05:18:47,714 [ZAP-Scanner-0] INFO  HostProcess - start host https://devsecops360.fusion.co.th | Spring4ShellScanRule strength MEDIUM threshold MEDIUM
2026-07-23 05:18:47,738 [ZAP-Scanner-0] INFO  User - Authenticating user: svc-devsecops360
2026-07-23 05:18:47,738 [ZAP-Scanner-0] INFO  User - Authentication failed for user: svc-devsecops360
2026-07-23 05:18:47,743 [ZAP-Scanner-0] INFO  User - Authenticating user: svc-devsecops360
2026-07-23 05:18:47,743 [ZAP-Scanner-0] INFO  User - Authentication failed for user: svc-devsecops360
2026-07-23 05:18:47,759 [ZAP-ActiveScanner-0] INFO  User - Authenticating user: svc-devsecops360
2026-07-23 05:18:47,759 [ZAP-ActiveScanner-0] INFO  User - Authentication failed for user: svc-devsecops360
2026-07-23 05:18:47,765 [ZAP-ActiveScanner-0] INFO  User - Authenticating user: svc-devsecops360
2026-07-23 05:18:47,765 [ZAP-ActiveScanner-0] INFO  User - Authentication failed for user: svc-devsecops360
2026-07-23 05:18:47,785 [ZAP-ActiveScanner-1] INFO  User - Authenticating user: svc-devsecops360
2026-07-23 05:18:47,785 [ZAP-ActiveScanner-1] INFO  User - Authentication failed for user: svc-devsecops360
2026-07-23 05:18:47,810 [ZAP-ActiveScanner-6] INFO  User - Authenticating user: svc-devsecops360
2026-07-23 05:18:47,810 [ZAP-ActiveScanner-6] INFO  User - Authentication failed for user: svc-devsecops360
2026-07-23 05:18:47,813 [ZAP-ActiveScanner-1] INFO  User - Authenticating user: svc-devsecops360
2026-07-23 05:18:47,813 [ZAP-ActiveScanner-1] INFO  User - Authentication failed for user: svc-devsecops360
2026-07-23 05:18:47,831 [ZAP-ActiveScanner-6] INFO  User - Authenticating user: svc-devsecops360
2026-07-23 05:18:47,832 [ZAP-ActiveScanner-6] INFO  User - Authentication failed for user: svc-devsecops360
2026-07-23 05:18:47,837 [ZAP-ActiveScanner-5] INFO  User - Authenticating user: svc-devsecops360
2026-07-23 05:18:47,837 [ZAP-ActiveScanner-5] INFO  User - Authentication failed for user: svc-devsecops360
2026-07-23 05:18:47,846 [ZAP-ActiveScanner-5] INFO  User - Authenticating user: svc-devsecops360
2026-07-23 05:18:47,846 [ZAP-ActiveScanner-5] INFO  User - Authentication failed for user: svc-devsecops360
2026-07-23 05:18:47,863 [ZAP-ActiveScanner-4] INFO  User - Authenticating user: svc-devsecops360
2026-07-23 05:18:47,863 [ZAP-ActiveScanner-4] INFO  User - Authentication failed for user: svc-devsecops360
2026-07-23 05:18:47,886 [ZAP-ActiveScanner-3] INFO  User - Authenticating user: svc-devsecops360
2026-07-23 05:18:47,886 [ZAP-ActiveScanner-3] INFO  User - Authentication failed for user: svc-devsecops360
2026-07-23 05:18:47,893 [ZAP-ActiveScanner-3] INFO  User - Authenticating user: svc-devsecops360
2026-07-23 05:18:47,893 [ZAP-ActiveScanner-3] INFO  User - Authentication failed for user: svc-devsecops360
2026-07-23 05:18:47,919 [ZAP-ActiveScanner-2] INFO  User - Authenticating user: svc-devsecops360
2026-07-23 05:18:47,919 [ZAP-ActiveScanner-2] INFO  User - Authentication failed for user: svc-devsecops360
2026-07-23 05:18:47,968 [ZAP-ActiveScanner-6] INFO  User - Authenticating user: svc-devsecops360
2026-07-23 05:18:47,968 [ZAP-ActiveScanner-6] INFO  User - Authentication failed for user: svc-devsecops360
2026-07-23 05:18:47,974 [ZAP-ActiveScanner-6] INFO  User - Authenticating user: svc-devsecops360
2026-07-23 05:18:47,974 [ZAP-ActiveScanner-6] INFO  User - Authentication failed for user: svc-devsecops360
2026-07-23 05:18:48,007 [ZAP-ActiveScanner-1] INFO  User - Authenticating user: svc-devsecops360
2026-07-23 05:18:48,007 [ZAP-ActiveScanner-1] INFO  User - Authentication failed for user: svc-devsecops360
2026-07-23 05:18:48,016 [ZAP-ActiveScanner-1] INFO  User - Authenticating user: svc-devsecops360
2026-07-23 05:18:48,016 [ZAP-ActiveScanner-1] INFO  User - Authentication failed for user: svc-devsecops360
2026-07-23 05:18:48,035 [ZAP-ActiveScanner-0] INFO  User - Authenticating user: svc-devsecops360
2026-07-23 05:18:48,035 [ZAP-ActiveScanner-0] INFO  User - Authentication failed for user: svc-devsecops360
2026-07-23 05:18:48,040 [ZAP-ActiveScanner-0] INFO  User - Authenticating user: svc-devsecops360
2026-07-23 05:18:48,041 [ZAP-ActiveScanner-0] INFO  User - Authentication failed for user: svc-devsecops360
2026-07-23 05:18:48,059 [ZAP-ActiveScanner-5] INFO  User - Authenticating user: svc-devsecops360
2026-07-23 05:18:48,059 [ZAP-ActiveScanner-5] INFO  User - Authentication failed for user: svc-devsecops360
2026-07-23 05:18:48,078 [ZAP-ActiveScanner-5] INFO  User - Authenticating user: svc-devsecops360
2026-07-23 05:18:48,078 [ZAP-ActiveScanner-5] INFO  User - Authentication failed for user: svc-devsecops360
2026-07-23 05:18:48,084 [ZAP-ActiveScanner-3] INFO  User - Authenticating user: svc-devsecops360
2026-07-23 05:18:48,084 [ZAP-ActiveScanner-3] INFO  User - Authentication failed for user: svc-devsecops360
2026-07-23 05:18:48,092 [ZAP-ActiveScanner-3] INFO  User - Authenticating user: svc-devsecops360
2026-07-23 05:18:48,092 [ZAP-ActiveScanner-3] INFO  User - Authentication failed for user: svc-devsecops360
2026-07-23 05:18:48,107 [ZAP-ActiveScanner-4] INFO  User - Authenticating user: svc-devsecops360
2026-07-23 05:18:48,107 [ZAP-ActiveScanner-4] INFO  User - Authentication failed for user: svc-devsecops360
2026-07-23 05:18:48,129 [ZAP-ActiveScanner-2] INFO  User - Authenticating user: svc-devsecops360
2026-07-23 05:18:48,129 [ZAP-ActiveScanner-2] INFO  User - Authentication failed for user: svc-devsecops360
2026-07-23 05:18:48,135 [ZAP-ActiveScanner-2] INFO  User - Authenticating user: svc-devsecops360
2026-07-23 05:18:48,135 [ZAP-ActiveScanner-2] INFO  User - Authentication failed for user: svc-devsecops360
2026-07-23 05:18:48,151 [ZAP-ActiveScanner-1] INFO  User - Authenticating user: svc-devsecops360
2026-07-23 05:18:48,151 [ZAP-ActiveScanner-1] INFO  User - Authentication failed for user: svc-devsecops360
2026-07-23 05:18:48,155 [ZAP-ActiveScanner-1] INFO  User - Authenticating user: svc-devsecops360
2026-07-23 05:18:48,155 [ZAP-ActiveScanner-1] INFO  User - Authentication failed for user: svc-devsecops360
2026-07-23 05:18:48,177 [ZAP-ActiveScanner-0] INFO  User - Authenticating user: svc-devsecops360
2026-07-23 05:18:48,177 [ZAP-ActiveScanner-0] INFO  User - Authentication failed for user: svc-devsecops360
2026-07-23 05:18:48,182 [ZAP-ActiveScanner-0] INFO  User - Authenticating user: svc-devsecops360
2026-07-23 05:18:48,182 [ZAP-ActiveScanner-0] INFO  User - Authentication failed for user: svc-devsecops360
2026-07-23 05:18:48,207 [ZAP-ActiveScanner-1] INFO  User - Authenticating user: svc-devsecops360
2026-07-23 05:18:48,207 [ZAP-ActiveScanner-1] INFO  User - Authentication failed for user: svc-devsecops360
2026-07-23 05:18:48,216 [ZAP-ActiveScanner-1] INFO  User - Authenticating user: svc-devsecops360
2026-07-23 05:18:48,217 [ZAP-ActiveScanner-1] INFO  User - Authentication failed for user: svc-devsecops360
2026-07-23 05:18:48,221 [ZAP-Scanner-0] INFO  HostProcess - completed host/plugin https://devsecops360.fusion.co.th | Spring4ShellScanRule in 0.507s with 15 message(s) sent and 0 alert(s) raised.
2026-07-23 05:18:48,221 [ZAP-Scanner-0] INFO  HostProcess - start host https://devsecops360.fusion.co.th | React2ShellScanRule strength MEDIUM threshold MEDIUM
2026-07-23 05:18:48,223 [ZAP-Scanner-0] INFO  HostProcess - start host https://devsecops360.fusion.co.th | CodeInjectionScanRule strength MEDIUM threshold MEDIUM
2026-07-23 05:18:48,254 [ZAP-ActiveScanner-0] INFO  User - Authenticating user: svc-devsecops360
2026-07-23 05:18:48,254 [ZAP-ActiveScanner-0] INFO  User - Authentication failed for user: svc-devsecops360
2026-07-23 05:18:48,260 [ZAP-ActiveScanner-0] INFO  User - Authenticating user: svc-devsecops360
2026-07-23 05:18:48,260 [ZAP-ActiveScanner-0] INFO  User - Authentication failed for user: svc-devsecops360
2026-07-23 05:18:48,284 [ZAP-Scanner-0] INFO  User - Authenticating user: svc-devsecops360
2026-07-23 05:18:48,284 [ZAP-Scanner-0] INFO  User - Authentication failed for user: svc-devsecops360
2026-07-23 05:18:48,285 [ZAP-ActiveScanner-0] INFO  HostProcess - completed host/plugin https://devsecops360.fusion.co.th | React2ShellScanRule in 0.064s with 1 message(s) sent and 0 alert(s) raised.
2026-07-23 05:18:48,290 [ZAP-Scanner-0] INFO  User - Authenticating user: svc-devsecops360
2026-07-23 05:18:48,290 [ZAP-Scanner-0] INFO  User - Authentication failed for user: svc-devsecops360
2026-07-23 05:18:48,302 [ZAP-Scanner-0] INFO  HostProcess - completed host/plugin https://devsecops360.fusion.co.th | CodeInjectionScanRule in 0.08s with 0 message(s) sent and 0 alert(s) raised.
2026-07-23 05:18:48,302 [ZAP-Scanner-0] INFO  HostProcess - start host https://devsecops360.fusion.co.th | CommandInjectionScanRule strength MEDIUM threshold MEDIUM
2026-07-23 05:18:48,331 [ZAP-Scanner-0] INFO  User - Authenticating user: svc-devsecops360
2026-07-23 05:18:48,331 [ZAP-Scanner-0] INFO  User - Authentication failed for user: svc-devsecops360
2026-07-23 05:18:48,336 [ZAP-Scanner-0] INFO  User - Authenticating user: svc-devsecops360
2026-07-23 05:18:48,336 [ZAP-Scanner-0] INFO  User - Authentication failed for user: svc-devsecops360
2026-07-23 05:18:48,348 [ZAP-Scanner-0] INFO  HostProcess - completed host/plugin https://devsecops360.fusion.co.th | CommandInjectionScanRule in 0.046s with 0 message(s) sent and 0 alert(s) raised.
2026-07-23 05:18:48,349 [ZAP-Scanner-0] INFO  HostProcess - start host https://devsecops360.fusion.co.th | XpathInjectionScanRule strength MEDIUM threshold MEDIUM
2026-07-23 05:18:48,379 [ZAP-Scanner-0] INFO  User - Authenticating user: svc-devsecops360
2026-07-23 05:18:48,380 [ZAP-Scanner-0] INFO  User - Authentication failed for user: svc-devsecops360
2026-07-23 05:18:48,384 [ZAP-Scanner-0] INFO  User - Authenticating user: svc-devsecops360
2026-07-23 05:18:48,384 [ZAP-Scanner-0] INFO  User - Authentication failed for user: svc-devsecops360
2026-07-23 05:18:48,396 [ZAP-Scanner-0] INFO  HostProcess - completed host/plugin https://devsecops360.fusion.co.th | XpathInjectionScanRule in 0.048s with 0 message(s) sent and 0 alert(s) raised.
2026-07-23 05:18:48,396 [ZAP-Scanner-0] INFO  HostProcess - start host https://devsecops360.fusion.co.th | XxeScanRule strength MEDIUM threshold MEDIUM
2026-07-23 05:18:48,424 [ZAP-Scanner-0] INFO  User - Authenticating user: svc-devsecops360
2026-07-23 05:18:48,424 [ZAP-Scanner-0] INFO  User - Authentication failed for user: svc-devsecops360
2026-07-23 05:18:48,430 [ZAP-Scanner-0] INFO  User - Authenticating user: svc-devsecops360
2026-07-23 05:18:48,430 [ZAP-Scanner-0] INFO  User - Authentication failed for user: svc-devsecops360
2026-07-23 05:18:48,438 [ZAP-Scanner-0] INFO  HostProcess - completed host/plugin https://devsecops360.fusion.co.th | XxeScanRule in 0.042s with 0 message(s) sent and 0 alert(s) raised.
2026-07-23 05:18:48,439 [ZAP-Scanner-0] INFO  HostProcess - start host https://devsecops360.fusion.co.th | PaddingOracleScanRule strength MEDIUM threshold MEDIUM
2026-07-23 05:18:48,461 [ZAP-Scanner-0] INFO  User - Authenticating user: svc-devsecops360
2026-07-23 05:18:48,461 [ZAP-Scanner-0] INFO  User - Authentication failed for user: svc-devsecops360
2026-07-23 05:18:48,465 [ZAP-Scanner-0] INFO  User - Authenticating user: svc-devsecops360
2026-07-23 05:18:48,466 [ZAP-Scanner-0] INFO  User - Authentication failed for user: svc-devsecops360
2026-07-23 05:18:48,475 [ZAP-Scanner-0] INFO  HostProcess - completed host/plugin https://devsecops360.fusion.co.th | PaddingOracleScanRule in 0.036s with 0 message(s) sent and 0 alert(s) raised.
2026-07-23 05:18:48,475 [ZAP-Scanner-0] INFO  HostProcess - start host https://devsecops360.fusion.co.th | CloudMetadataScanRule strength MEDIUM threshold MEDIUM
2026-07-23 05:18:48,476 [ZAP-Scanner-0] INFO  HostProcess - start host https://devsecops360.fusion.co.th | SstiScanRule strength MEDIUM threshold MEDIUM
2026-07-23 05:18:48,498 [ZAP-Scanner-0] INFO  User - Authenticating user: svc-devsecops360
2026-07-23 05:18:48,498 [ZAP-Scanner-0] INFO  User - Authentication failed for user: svc-devsecops360
2026-07-23 05:18:48,502 [ZAP-Scanner-0] INFO  User - Authenticating user: svc-devsecops360
2026-07-23 05:18:48,502 [ZAP-Scanner-0] INFO  User - Authentication failed for user: svc-devsecops360
2026-07-23 05:18:48,518 [ZAP-ActiveScanner-0] INFO  User - Authenticating user: svc-devsecops360
2026-07-23 05:18:48,518 [ZAP-ActiveScanner-0] INFO  User - Authentication failed for user: svc-devsecops360
2026-07-23 05:18:48,523 [ZAP-ActiveScanner-0] INFO  User - Authenticating user: svc-devsecops360
2026-07-23 05:18:48,523 [ZAP-ActiveScanner-0] INFO  User - Authentication failed for user: svc-devsecops360
2026-07-23 05:18:48,551 [ZAP-ActiveScanner-0] INFO  User - Authenticating user: svc-devsecops360
2026-07-23 05:18:48,551 [ZAP-ActiveScanner-0] INFO  User - Authentication failed for user: svc-devsecops360
2026-07-23 05:18:48,556 [ZAP-ActiveScanner-0] INFO  User - Authenticating user: svc-devsecops360
2026-07-23 05:18:48,556 [ZAP-ActiveScanner-0] INFO  User - Authentication failed for user: svc-devsecops360
2026-07-23 05:18:48,584 [ZAP-ActiveScanner-0] INFO  User - Authenticating user: svc-devsecops360
2026-07-23 05:18:48,584 [ZAP-ActiveScanner-0] INFO  User - Authentication failed for user: svc-devsecops360
2026-07-23 05:18:48,589 [ZAP-ActiveScanner-0] INFO  User - Authenticating user: svc-devsecops360
2026-07-23 05:18:48,589 [ZAP-ActiveScanner-0] INFO  User - Authentication failed for user: svc-devsecops360
2026-07-23 05:18:48,614 [ZAP-ActiveScanner-0] INFO  User - Authenticating user: svc-devsecops360
2026-07-23 05:18:48,614 [ZAP-ActiveScanner-0] INFO  User - Authentication failed for user: svc-devsecops360
2026-07-23 05:18:48,620 [ZAP-ActiveScanner-0] INFO  User - Authenticating user: svc-devsecops360
2026-07-23 05:18:48,620 [ZAP-ActiveScanner-0] INFO  User - Authentication failed for user: svc-devsecops360
2026-07-23 05:18:48,644 [ZAP-ActiveScanner-0] INFO  User - Authenticating user: svc-devsecops360
2026-07-23 05:18:48,644 [ZAP-ActiveScanner-0] INFO  User - Authentication failed for user: svc-devsecops360
2026-07-23 05:18:48,649 [ZAP-ActiveScanner-0] INFO  User - Authenticating user: svc-devsecops360
2026-07-23 05:18:48,649 [ZAP-ActiveScanner-0] INFO  User - Authentication failed for user: svc-devsecops360
2026-07-23 05:18:48,675 [ZAP-ActiveScanner-0] INFO  User - Authenticating user: svc-devsecops360
2026-07-23 05:18:48,676 [ZAP-ActiveScanner-0] INFO  User - Authentication failed for user: svc-devsecops360
2026-07-23 05:18:48,680 [ZAP-ActiveScanner-0] INFO  User - Authenticating user: svc-devsecops360
2026-07-23 05:18:48,680 [ZAP-ActiveScanner-0] INFO  User - Authentication failed for user: svc-devsecops360
2026-07-23 05:18:48,705 [ZAP-ActiveScanner-0] INFO  User - Authenticating user: svc-devsecops360
2026-07-23 05:18:48,705 [ZAP-ActiveScanner-0] INFO  User - Authentication failed for user: svc-devsecops360
2026-07-23 05:18:48,710 [ZAP-ActiveScanner-0] INFO  User - Authenticating user: svc-devsecops360
2026-07-23 05:18:48,710 [ZAP-ActiveScanner-0] INFO  User - Authentication failed for user: svc-devsecops360
2026-07-23 05:18:48,734 [ZAP-ActiveScanner-0] INFO  User - Authenticating user: svc-devsecops360
2026-07-23 05:18:48,734 [ZAP-ActiveScanner-0] INFO  User - Authentication failed for user: svc-devsecops360
2026-07-23 05:18:48,738 [ZAP-ActiveScanner-0] INFO  User - Authenticating user: svc-devsecops360
2026-07-23 05:18:48,738 [ZAP-ActiveScanner-0] INFO  User - Authentication failed for user: svc-devsecops360
2026-07-23 05:18:48,763 [ZAP-ActiveScanner-0] INFO  User - Authenticating user: svc-devsecops360
2026-07-23 05:18:48,763 [ZAP-ActiveScanner-0] INFO  User - Authentication failed for user: svc-devsecops360
2026-07-23 05:18:48,768 [ZAP-ActiveScanner-0] INFO  User - Authenticating user: svc-devsecops360
2026-07-23 05:18:48,768 [ZAP-ActiveScanner-0] INFO  User - Authentication failed for user: svc-devsecops360
2026-07-23 05:18:48,793 [ZAP-ActiveScanner-0] INFO  User - Authenticating user: svc-devsecops360
2026-07-23 05:18:48,793 [ZAP-ActiveScanner-0] INFO  User - Authentication failed for user: svc-devsecops360
2026-07-23 05:18:48,798 [ZAP-ActiveScanner-0] INFO  User - Authenticating user: svc-devsecops360
2026-07-23 05:18:48,798 [ZAP-ActiveScanner-0] INFO  User - Authentication failed for user: svc-devsecops360
2026-07-23 05:18:48,824 [ZAP-ActiveScanner-0] INFO  User - Authenticating user: svc-devsecops360
2026-07-23 05:18:48,824 [ZAP-ActiveScanner-0] INFO  User - Authentication failed for user: svc-devsecops360
2026-07-23 05:18:48,828 [ZAP-ActiveScanner-0] INFO  User - Authenticating user: svc-devsecops360
2026-07-23 05:18:48,828 [ZAP-ActiveScanner-0] INFO  User - Authentication failed for user: svc-devsecops360
2026-07-23 05:18:48,852 [ZAP-ActiveScanner-0] INFO  User - Authenticating user: svc-devsecops360
2026-07-23 05:18:48,852 [ZAP-ActiveScanner-0] INFO  User - Authentication failed for user: svc-devsecops360
2026-07-23 05:18:48,857 [ZAP-ActiveScanner-0] INFO  User - Authenticating user: svc-devsecops360
2026-07-23 05:18:48,857 [ZAP-ActiveScanner-0] INFO  User - Authentication failed for user: svc-devsecops360
2026-07-23 05:18:48,882 [ZAP-ActiveScanner-0] INFO  User - Authenticating user: svc-devsecops360
2026-07-23 05:18:48,883 [ZAP-ActiveScanner-0] INFO  User - Authentication failed for user: svc-devsecops360
2026-07-23 05:18:48,888 [ZAP-ActiveScanner-0] INFO  User - Authenticating user: svc-devsecops360
2026-07-23 05:18:48,888 [ZAP-ActiveScanner-0] INFO  User - Authentication failed for user: svc-devsecops360
2026-07-23 05:18:48,892 [ZAP-ActiveScanner-0] INFO  HostProcess - completed host/plugin https://devsecops360.fusion.co.th | CloudMetadataScanRule in 0.417s with 13 message(s) sent and 0 alert(s) raised.
2026-07-23 05:18:48,893 [ZAP-Scanner-0] INFO  HostProcess - completed host/plugin https://devsecops360.fusion.co.th | SstiScanRule in 0.417s with 0 message(s) sent and 0 alert(s) raised.
2026-07-23 05:18:48,893 [ZAP-Scanner-0] INFO  HostProcess - start host https://devsecops360.fusion.co.th | SstiBlindScanRule strength MEDIUM threshold MEDIUM
2026-07-23 05:18:48,918 [ZAP-Scanner-0] INFO  User - Authenticating user: svc-devsecops360
2026-07-23 05:18:48,918 [ZAP-Scanner-0] INFO  User - Authentication failed for user: svc-devsecops360
2026-07-23 05:18:48,923 [ZAP-Scanner-0] INFO  User - Authenticating user: svc-devsecops360
2026-07-23 05:18:48,923 [ZAP-Scanner-0] INFO  User - Authentication failed for user: svc-devsecops360
2026-07-23 05:18:48,936 [ZAP-Scanner-0] INFO  HostProcess - completed host/plugin https://devsecops360.fusion.co.th | SstiBlindScanRule in 0.043s with 0 message(s) sent and 0 alert(s) raised.
2026-07-23 05:18:48,937 [ZAP-Scanner-0] INFO  HostProcess - start host https://devsecops360.fusion.co.th | CommandInjectionTimingScanRule strength MEDIUM threshold MEDIUM
2026-07-23 05:18:48,963 [ZAP-Scanner-0] INFO  User - Authenticating user: svc-devsecops360
2026-07-23 05:18:48,963 [ZAP-Scanner-0] INFO  User - Authentication failed for user: svc-devsecops360
2026-07-23 05:18:48,968 [ZAP-Scanner-0] INFO  User - Authenticating user: svc-devsecops360
2026-07-23 05:18:48,968 [ZAP-Scanner-0] INFO  User - Authentication failed for user: svc-devsecops360
2026-07-23 05:18:48,978 [ZAP-Scanner-0] INFO  HostProcess - completed host/plugin https://devsecops360.fusion.co.th | CommandInjectionTimingScanRule in 0.042s with 0 message(s) sent and 0 alert(s) raised.
2026-07-23 05:18:48,978 [ZAP-Scanner-0] INFO  HostProcess - start host https://devsecops360.fusion.co.th | DirectoryBrowsingScanRule strength MEDIUM threshold MEDIUM
2026-07-23 05:18:49,003 [ZAP-Scanner-0] INFO  User - Authenticating user: svc-devsecops360
2026-07-23 05:18:49,003 [ZAP-Scanner-0] INFO  User - Authentication failed for user: svc-devsecops360
2026-07-23 05:18:49,008 [ZAP-Scanner-0] INFO  User - Authenticating user: svc-devsecops360
2026-07-23 05:18:49,008 [ZAP-Scanner-0] INFO  User - Authentication failed for user: svc-devsecops360
2026-07-23 05:18:49,027 [ZAP-ActiveScanner-0] INFO  User - Authenticating user: svc-devsecops360
2026-07-23 05:18:49,027 [ZAP-ActiveScanner-0] INFO  User - Authentication failed for user: svc-devsecops360
2026-07-23 05:18:49,032 [ZAP-ActiveScanner-0] INFO  User - Authenticating user: svc-devsecops360
2026-07-23 05:18:49,032 [ZAP-ActiveScanner-0] INFO  User - Authentication failed for user: svc-devsecops360
2026-07-23 05:18:49,057 [ZAP-ActiveScanner-1] INFO  User - Authenticating user: svc-devsecops360
2026-07-23 05:18:49,057 [ZAP-ActiveScanner-1] INFO  User - Authentication failed for user: svc-devsecops360
2026-07-23 05:18:49,066 [ZAP-ActiveScanner-1] INFO  User - Authenticating user: svc-devsecops360
2026-07-23 05:18:49,066 [ZAP-ActiveScanner-1] INFO  User - Authentication failed for user: svc-devsecops360
2026-07-23 05:18:49,083 [ZAP-ActiveScanner-6] INFO  User - Authenticating user: svc-devsecops360
2026-07-23 05:18:49,083 [ZAP-ActiveScanner-6] INFO  User - Authentication failed for user: svc-devsecops360
2026-07-23 05:18:49,088 [ZAP-ActiveScanner-6] INFO  User - Authenticating user: svc-devsecops360
2026-07-23 05:18:49,088 [ZAP-ActiveScanner-6] INFO  User - Authentication failed for user: svc-devsecops360
2026-07-23 05:18:49,107 [ZAP-ActiveScanner-5] INFO  User - Authenticating user: svc-devsecops360
2026-07-23 05:18:49,107 [ZAP-ActiveScanner-5] INFO  User - Authentication failed for user: svc-devsecops360
2026-07-23 05:18:49,111 [ZAP-ActiveScanner-5] INFO  User - Authenticating user: svc-devsecops360
2026-07-23 05:18:49,111 [ZAP-ActiveScanner-5] INFO  User - Authentication failed for user: svc-devsecops360
2026-07-23 05:18:49,129 [ZAP-ActiveScanner-4] INFO  User - Authenticating user: svc-devsecops360
2026-07-23 05:18:49,129 [ZAP-ActiveScanner-4] INFO  User - Authentication failed for user: svc-devsecops360
2026-07-23 05:18:49,135 [ZAP-ActiveScanner-4] INFO  User - Authenticating user: svc-devsecops360
2026-07-23 05:18:49,136 [ZAP-ActiveScanner-4] INFO  User - Authentication failed for user: svc-devsecops360
2026-07-23 05:18:49,150 [ZAP-ActiveScanner-3] INFO  User - Authenticating user: svc-devsecops360
2026-07-23 05:18:49,150 [ZAP-ActiveScanner-3] INFO  User - Authentication failed for user: svc-devsecops360
2026-07-23 05:18:49,155 [ZAP-ActiveScanner-3] INFO  User - Authenticating user: svc-devsecops360
2026-07-23 05:18:49,155 [ZAP-ActiveScanner-3] INFO  User - Authentication failed for user: svc-devsecops360
2026-07-23 05:18:49,173 [ZAP-ActiveScanner-2] INFO  User - Authenticating user: svc-devsecops360
2026-07-23 05:18:49,173 [ZAP-ActiveScanner-2] INFO  User - Authentication failed for user: svc-devsecops360
2026-07-23 05:18:49,177 [ZAP-ActiveScanner-2] INFO  User - Authenticating user: svc-devsecops360
2026-07-23 05:18:49,178 [ZAP-ActiveScanner-2] INFO  User - Authentication failed for user: svc-devsecops360
2026-07-23 05:18:49,182 [ZAP-Scanner-0] INFO  HostProcess - completed host/plugin https://devsecops360.fusion.co.th | DirectoryBrowsingScanRule in 0.204s with 7 message(s) sent and 0 alert(s) raised.
2026-07-23 05:18:49,182 [ZAP-Scanner-0] INFO  HostProcess - start host https://devsecops360.fusion.co.th | HttpOnlySiteScanRule strength MEDIUM threshold MEDIUM
2026-07-23 05:18:49,183 [ZAP-Scanner-0] INFO  HostProcess - start host https://devsecops360.fusion.co.th | BufferOverflowScanRule strength MEDIUM threshold MEDIUM
2026-07-23 05:18:49,184 [ZAP-ActiveScanner-0] INFO  HostProcess - completed host/plugin https://devsecops360.fusion.co.th | HttpOnlySiteScanRule in 0.002s with 0 message(s) sent and 0 alert(s) raised.
2026-07-23 05:18:49,205 [ZAP-Scanner-0] INFO  User - Authenticating user: svc-devsecops360
2026-07-23 05:18:49,205 [ZAP-Scanner-0] INFO  User - Authentication failed for user: svc-devsecops360
2026-07-23 05:18:49,209 [ZAP-Scanner-0] INFO  User - Authenticating user: svc-devsecops360
2026-07-23 05:18:49,209 [ZAP-Scanner-0] INFO  User - Authentication failed for user: svc-devsecops360
2026-07-23 05:18:49,219 [ZAP-Scanner-0] INFO  HostProcess - completed host/plugin https://devsecops360.fusion.co.th | BufferOverflowScanRule in 0.036s with 0 message(s) sent and 0 alert(s) raised.
2026-07-23 05:18:49,219 [ZAP-Scanner-0] INFO  HostProcess - start host https://devsecops360.fusion.co.th | FormatStringScanRule strength MEDIUM threshold MEDIUM
2026-07-23 05:18:49,250 [ZAP-Scanner-0] INFO  User - Authenticating user: svc-devsecops360
2026-07-23 05:18:49,251 [ZAP-Scanner-0] INFO  User - Authentication failed for user: svc-devsecops360
2026-07-23 05:18:49,255 [ZAP-Scanner-0] INFO  User - Authenticating user: svc-devsecops360
2026-07-23 05:18:49,255 [ZAP-Scanner-0] INFO  User - Authentication failed for user: svc-devsecops360
2026-07-23 05:18:49,264 [ZAP-Scanner-0] INFO  HostProcess - completed host/plugin https://devsecops360.fusion.co.th | FormatStringScanRule in 0.044s with 0 message(s) sent and 0 alert(s) raised.
2026-07-23 05:18:49,264 [ZAP-Scanner-0] INFO  HostProcess - start host https://devsecops360.fusion.co.th | CrlfInjectionScanRule strength MEDIUM threshold MEDIUM
2026-07-23 05:18:49,288 [ZAP-Scanner-0] INFO  User - Authenticating user: svc-devsecops360
2026-07-23 05:18:49,288 [ZAP-Scanner-0] INFO  User - Authentication failed for user: svc-devsecops360
2026-07-23 05:18:49,292 [ZAP-Scanner-0] INFO  User - Authenticating user: svc-devsecops360
2026-07-23 05:18:49,292 [ZAP-Scanner-0] INFO  User - Authentication failed for user: svc-devsecops360
2026-07-23 05:18:49,302 [ZAP-Scanner-0] INFO  HostProcess - completed host/plugin https://devsecops360.fusion.co.th | CrlfInjectionScanRule in 0.038s with 0 message(s) sent and 0 alert(s) raised.
2026-07-23 05:18:49,302 [ZAP-Scanner-0] INFO  HostProcess - start host https://devsecops360.fusion.co.th | ParameterTamperScanRule strength MEDIUM threshold MEDIUM
2026-07-23 05:18:49,326 [ZAP-Scanner-0] INFO  User - Authenticating user: svc-devsecops360
2026-07-23 05:18:49,326 [ZAP-Scanner-0] INFO  User - Authentication failed for user: svc-devsecops360
2026-07-23 05:18:49,331 [ZAP-Scanner-0] INFO  User - Authenticating user: svc-devsecops360
2026-07-23 05:18:49,331 [ZAP-Scanner-0] INFO  User - Authentication failed for user: svc-devsecops360
2026-07-23 05:18:49,342 [ZAP-Scanner-0] INFO  HostProcess - completed host/plugin https://devsecops360.fusion.co.th | ParameterTamperScanRule in 0.04s with 0 message(s) sent and 0 alert(s) raised.
2026-07-23 05:18:49,343 [ZAP-Scanner-0] INFO  HostProcess - start host https://devsecops360.fusion.co.th | ElmahScanRule strength MEDIUM threshold MEDIUM
2026-07-23 05:18:49,343 [ZAP-Scanner-0] INFO  HostProcess - start host https://devsecops360.fusion.co.th | TraceAxdScanRule strength MEDIUM threshold MEDIUM
2026-07-23 05:18:49,366 [ZAP-ActiveScanner-0] INFO  User - Authenticating user: svc-devsecops360
2026-07-23 05:18:49,366 [ZAP-ActiveScanner-0] INFO  User - Authentication failed for user: svc-devsecops360
2026-07-23 05:18:49,371 [ZAP-ActiveScanner-0] INFO  User - Authenticating user: svc-devsecops360
2026-07-23 05:18:49,371 [ZAP-ActiveScanner-0] INFO  User - Authentication failed for user: svc-devsecops360
2026-07-23 05:18:49,387 [ZAP-ActiveScanner-1] INFO  User - Authenticating user: svc-devsecops360
2026-07-23 05:18:49,387 [ZAP-ActiveScanner-1] INFO  User - Authentication failed for user: svc-devsecops360
2026-07-23 05:18:49,391 [ZAP-ActiveScanner-1] INFO  User - Authenticating user: svc-devsecops360
2026-07-23 05:18:49,391 [ZAP-ActiveScanner-1] INFO  User - Authentication failed for user: svc-devsecops360
2026-07-23 05:18:49,407 [ZAP-Scanner-0] INFO  User - Authenticating user: svc-devsecops360
2026-07-23 05:18:49,407 [ZAP-Scanner-0] INFO  User - Authentication failed for user: svc-devsecops360
2026-07-23 05:18:49,408 [ZAP-ActiveScanner-0] INFO  HostProcess - completed host/plugin https://devsecops360.fusion.co.th | ElmahScanRule in 0.065s with 1 message(s) sent and 0 alert(s) raised.
2026-07-23 05:18:49,412 [ZAP-Scanner-0] INFO  User - Authenticating user: svc-devsecops360
2026-07-23 05:18:49,412 [ZAP-Scanner-0] INFO  User - Authentication failed for user: svc-devsecops360
2026-07-23 05:18:49,440 [ZAP-ActiveScanner-0] INFO  User - Authenticating user: svc-devsecops360
2026-07-23 05:18:49,440 [ZAP-ActiveScanner-0] INFO  User - Authentication failed for user: svc-devsecops360
2026-07-23 05:18:49,444 [ZAP-ActiveScanner-0] INFO  User - Authenticating user: svc-devsecops360
2026-07-23 05:18:49,444 [ZAP-ActiveScanner-0] INFO  User - Authentication failed for user: svc-devsecops360
2026-07-23 05:18:49,448 [ZAP-Scanner-0] INFO  HostProcess - completed host/plugin https://devsecops360.fusion.co.th | TraceAxdScanRule in 0.105s with 2 message(s) sent and 0 alert(s) raised.
2026-07-23 05:18:49,449 [ZAP-Scanner-0] INFO  HostProcess - start host https://devsecops360.fusion.co.th | HtAccessScanRule strength MEDIUM threshold MEDIUM
2026-07-23 05:18:49,469 [ZAP-Scanner-0] INFO  User - Authenticating user: svc-devsecops360
2026-07-23 05:18:49,469 [ZAP-Scanner-0] INFO  User - Authentication failed for user: svc-devsecops360
2026-07-23 05:18:49,474 [ZAP-Scanner-0] INFO  User - Authenticating user: svc-devsecops360
2026-07-23 05:18:49,474 [ZAP-Scanner-0] INFO  User - Authentication failed for user: svc-devsecops360
2026-07-23 05:18:49,493 [ZAP-ActiveScanner-0] INFO  User - Authenticating user: svc-devsecops360
2026-07-23 05:18:49,493 [ZAP-ActiveScanner-0] INFO  User - Authentication failed for user: svc-devsecops360
2026-07-23 05:18:49,499 [ZAP-ActiveScanner-0] INFO  User - Authenticating user: svc-devsecops360
2026-07-23 05:18:49,499 [ZAP-ActiveScanner-0] INFO  User - Authentication failed for user: svc-devsecops360
2026-07-23 05:18:49,518 [ZAP-ActiveScanner-1] INFO  User - Authenticating user: svc-devsecops360
2026-07-23 05:18:49,518 [ZAP-ActiveScanner-1] INFO  User - Authentication failed for user: svc-devsecops360
2026-07-23 05:18:49,522 [ZAP-ActiveScanner-1] INFO  User - Authenticating user: svc-devsecops360
2026-07-23 05:18:49,522 [ZAP-ActiveScanner-1] INFO  User - Authentication failed for user: svc-devsecops360
2026-07-23 05:18:49,527 [ZAP-Scanner-0] INFO  HostProcess - completed host/plugin https://devsecops360.fusion.co.th | HtAccessScanRule in 0.079s with 2 message(s) sent and 0 alert(s) raised.
2026-07-23 05:18:49,528 [ZAP-Scanner-0] INFO  HostProcess - start host https://devsecops360.fusion.co.th | EnvFileScanRule strength MEDIUM threshold MEDIUM
2026-07-23 05:18:49,549 [ZAP-Scanner-0] INFO  User - Authenticating user: svc-devsecops360
2026-07-23 05:18:49,549 [ZAP-Scanner-0] INFO  User - Authentication failed for user: svc-devsecops360
2026-07-23 05:18:49,554 [ZAP-Scanner-0] INFO  User - Authenticating user: svc-devsecops360
2026-07-23 05:18:49,554 [ZAP-Scanner-0] INFO  User - Authentication failed for user: svc-devsecops360
2026-07-23 05:18:49,578 [ZAP-ActiveScanner-0] INFO  User - Authenticating user: svc-devsecops360
2026-07-23 05:18:49,578 [ZAP-ActiveScanner-0] INFO  User - Authentication failed for user: svc-devsecops360
2026-07-23 05:18:49,590 [ZAP-ActiveScanner-0] INFO  User - Authenticating user: svc-devsecops360
2026-07-23 05:18:49,591 [ZAP-ActiveScanner-0] INFO  User - Authentication failed for user: svc-devsecops360
2026-07-23 05:18:49,608 [ZAP-ActiveScanner-1] INFO  User - Authenticating user: svc-devsecops360
2026-07-23 05:18:49,608 [ZAP-ActiveScanner-1] INFO  User - Authentication failed for user: svc-devsecops360
2026-07-23 05:18:49,613 [ZAP-ActiveScanner-1] INFO  User - Authenticating user: svc-devsecops360
2026-07-23 05:18:49,613 [ZAP-ActiveScanner-1] INFO  User - Authentication failed for user: svc-devsecops360
2026-07-23 05:18:49,617 [ZAP-Scanner-0] INFO  HostProcess - completed host/plugin https://devsecops360.fusion.co.th | EnvFileScanRule in 0.09s with 2 message(s) sent and 0 alert(s) raised.
2026-07-23 05:18:49,618 [ZAP-Scanner-0] INFO  HostProcess - start host https://devsecops360.fusion.co.th | HiddenFilesScanRule strength MEDIUM threshold MEDIUM
2026-07-23 05:18:49,633 [ZAP-Scanner-0] INFO  HostProcess - start host https://devsecops360.fusion.co.th | SpringActuatorScanRule strength MEDIUM threshold MEDIUM
2026-07-23 05:18:49,634 [ZAP-Scanner-0] INFO  HostProcess - start host https://devsecops360.fusion.co.th | ExponentialEntityExpansionScanRule strength MEDIUM threshold MEDIUM
2026-07-23 05:18:49,661 [ZAP-ActiveScanner-0] INFO  User - Authenticating user: svc-devsecops360
2026-07-23 05:18:49,662 [ZAP-ActiveScanner-0] INFO  User - Authentication failed for user: svc-devsecops360
2026-07-23 05:18:49,669 [ZAP-ActiveScanner-0] INFO  User - Authenticating user: svc-devsecops360
2026-07-23 05:18:49,669 [ZAP-ActiveScanner-0] INFO  User - Authentication failed for user: svc-devsecops360
2026-07-23 05:18:49,687 [ZAP-Scanner-0] INFO  User - Authenticating user: svc-devsecops360
2026-07-23 05:18:49,687 [ZAP-Scanner-0] INFO  User - Authentication failed for user: svc-devsecops360
2026-07-23 05:18:49,698 [ZAP-Scanner-0] INFO  User - Authenticating user: svc-devsecops360
2026-07-23 05:18:49,698 [ZAP-Scanner-0] INFO  User - Authentication failed for user: svc-devsecops360
2026-07-23 05:18:49,713 [ZAP-ActiveScanner-1] INFO  User - Authenticating user: svc-devsecops360
2026-07-23 05:18:49,713 [ZAP-ActiveScanner-1] INFO  User - Authentication failed for user: svc-devsecops360
2026-07-23 05:18:49,730 [ZAP-ActiveScanner-1] INFO  User - Authenticating user: svc-devsecops360
2026-07-23 05:18:49,730 [ZAP-ActiveScanner-1] INFO  User - Authentication failed for user: svc-devsecops360
2026-07-23 05:18:49,742 [ZAP-ActiveScanner-0] INFO  User - Authenticating user: svc-devsecops360
2026-07-23 05:18:49,742 [ZAP-ActiveScanner-0] INFO  User - Authentication failed for user: svc-devsecops360
2026-07-23 05:18:49,748 [ZAP-ActiveScanner-0] INFO  User - Authenticating user: svc-devsecops360
2026-07-23 05:18:49,748 [ZAP-ActiveScanner-0] INFO  User - Authentication failed for user: svc-devsecops360
2026-07-23 05:18:49,767 [ZAP-ActiveScanner-1] INFO  User - Authenticating user: svc-devsecops360
2026-07-23 05:18:49,767 [ZAP-ActiveScanner-1] INFO  User - Authentication failed for user: svc-devsecops360
2026-07-23 05:18:49,776 [ZAP-ActiveScanner-1] INFO  User - Authenticating user: svc-devsecops360
2026-07-23 05:18:49,776 [ZAP-ActiveScanner-1] INFO  User - Authentication failed for user: svc-devsecops360
2026-07-23 05:18:49,791 [ZAP-ActiveScanner-0] INFO  User - Authenticating user: svc-devsecops360
2026-07-23 05:18:49,791 [ZAP-ActiveScanner-0] INFO  User - Authentication failed for user: svc-devsecops360
2026-07-23 05:18:49,792 [ZAP-ActiveScanner-1] INFO  HostProcess - completed host/plugin https://devsecops360.fusion.co.th | SpringActuatorScanRule in 0.159s with 2 message(s) sent and 0 alert(s) raised.
2026-07-23 05:18:49,796 [ZAP-ActiveScanner-0] INFO  User - Authenticating user: svc-devsecops360
2026-07-23 05:18:49,796 [ZAP-ActiveScanner-0] INFO  User - Authentication failed for user: svc-devsecops360
2026-07-23 05:18:49,824 [ZAP-ActiveScanner-0] INFO  User - Authenticating user: svc-devsecops360
2026-07-23 05:18:49,824 [ZAP-ActiveScanner-0] INFO  User - Authentication failed for user: svc-devsecops360
2026-07-23 05:18:49,829 [ZAP-ActiveScanner-0] INFO  User - Authenticating user: svc-devsecops360
2026-07-23 05:18:49,829 [ZAP-ActiveScanner-0] INFO  User - Authentication failed for user: svc-devsecops360
2026-07-23 05:18:49,854 [ZAP-ActiveScanner-0] INFO  User - Authenticating user: svc-devsecops360
2026-07-23 05:18:49,854 [ZAP-ActiveScanner-0] INFO  User - Authentication failed for user: svc-devsecops360
2026-07-23 05:18:49,863 [ZAP-ActiveScanner-0] INFO  User - Authenticating user: svc-devsecops360
2026-07-23 05:18:49,863 [ZAP-ActiveScanner-0] INFO  User - Authentication failed for user: svc-devsecops360
2026-07-23 05:18:49,891 [ZAP-ActiveScanner-0] INFO  User - Authenticating user: svc-devsecops360
2026-07-23 05:18:49,892 [ZAP-ActiveScanner-0] INFO  User - Authentication failed for user: svc-devsecops360
2026-07-23 05:18:49,896 [ZAP-ActiveScanner-0] INFO  User - Authenticating user: svc-devsecops360
2026-07-23 05:18:49,896 [ZAP-ActiveScanner-0] INFO  User - Authentication failed for user: svc-devsecops360
2026-07-23 05:18:49,922 [ZAP-ActiveScanner-0] INFO  User - Authenticating user: svc-devsecops360
2026-07-23 05:18:49,922 [ZAP-ActiveScanner-0] INFO  User - Authentication failed for user: svc-devsecops360
2026-07-23 05:18:49,926 [ZAP-ActiveScanner-0] INFO  User - Authenticating user: svc-devsecops360
2026-07-23 05:18:49,926 [ZAP-ActiveScanner-0] INFO  User - Authentication failed for user: svc-devsecops360
2026-07-23 05:18:49,951 [ZAP-ActiveScanner-0] INFO  User - Authenticating user: svc-devsecops360
2026-07-23 05:18:49,951 [ZAP-ActiveScanner-0] INFO  User - Authentication failed for user: svc-devsecops360
2026-07-23 05:18:49,956 [ZAP-ActiveScanner-0] INFO  User - Authenticating user: svc-devsecops360
2026-07-23 05:18:49,956 [ZAP-ActiveScanner-0] INFO  User - Authentication failed for user: svc-devsecops360
2026-07-23 05:18:49,983 [ZAP-ActiveScanner-0] INFO  User - Authenticating user: svc-devsecops360
2026-07-23 05:18:49,983 [ZAP-ActiveScanner-0] INFO  User - Authentication failed for user: svc-devsecops360
2026-07-23 05:18:49,988 [ZAP-ActiveScanner-0] INFO  User - Authenticating user: svc-devsecops360
2026-07-23 05:18:49,988 [ZAP-ActiveScanner-0] INFO  User - Authentication failed for user: svc-devsecops360
2026-07-23 05:18:50,017 [ZAP-ActiveScanner-0] INFO  User - Authenticating user: svc-devsecops360
2026-07-23 05:18:50,017 [ZAP-ActiveScanner-0] INFO  User - Authentication failed for user: svc-devsecops360
2026-07-23 05:18:50,022 [ZAP-ActiveScanner-0] INFO  User - Authenticating user: svc-devsecops360
2026-07-23 05:18:50,022 [ZAP-ActiveScanner-0] INFO  User - Authentication failed for user: svc-devsecops360
2026-07-23 05:18:50,048 [ZAP-ActiveScanner-0] INFO  User - Authenticating user: svc-devsecops360
2026-07-23 05:18:50,048 [ZAP-ActiveScanner-0] INFO  User - Authentication failed for user: svc-devsecops360
2026-07-23 05:18:50,054 [ZAP-ActiveScanner-0] INFO  User - Authenticating user: svc-devsecops360
2026-07-23 05:18:50,054 [ZAP-ActiveScanner-0] INFO  User - Authentication failed for user: svc-devsecops360
2026-07-23 05:18:50,078 [ZAP-ActiveScanner-0] INFO  User - Authenticating user: svc-devsecops360
2026-07-23 05:18:50,078 [ZAP-ActiveScanner-0] INFO  User - Authentication failed for user: svc-devsecops360
2026-07-23 05:18:50,083 [ZAP-ActiveScanner-0] INFO  User - Authenticating user: svc-devsecops360
2026-07-23 05:18:50,083 [ZAP-ActiveScanner-0] INFO  User - Authentication failed for user: svc-devsecops360
2026-07-23 05:18:50,109 [ZAP-ActiveScanner-0] INFO  User - Authenticating user: svc-devsecops360
2026-07-23 05:18:50,109 [ZAP-ActiveScanner-0] INFO  User - Authentication failed for user: svc-devsecops360
2026-07-23 05:18:50,113 [ZAP-ActiveScanner-0] INFO  User - Authenticating user: svc-devsecops360
2026-07-23 05:18:50,113 [ZAP-ActiveScanner-0] INFO  User - Authentication failed for user: svc-devsecops360
2026-07-23 05:18:50,138 [ZAP-ActiveScanner-0] INFO  User - Authenticating user: svc-devsecops360
2026-07-23 05:18:50,138 [ZAP-ActiveScanner-0] INFO  User - Authentication failed for user: svc-devsecops360
2026-07-23 05:18:50,143 [ZAP-ActiveScanner-0] INFO  User - Authenticating user: svc-devsecops360
2026-07-23 05:18:50,143 [ZAP-ActiveScanner-0] INFO  User - Authentication failed for user: svc-devsecops360
2026-07-23 05:18:50,171 [ZAP-ActiveScanner-0] INFO  User - Authenticating user: svc-devsecops360
2026-07-23 05:18:50,171 [ZAP-ActiveScanner-0] INFO  User - Authentication failed for user: svc-devsecops360
2026-07-23 05:18:50,176 [ZAP-ActiveScanner-0] INFO  User - Authenticating user: svc-devsecops360
2026-07-23 05:18:50,176 [ZAP-ActiveScanner-0] INFO  User - Authentication failed for user: svc-devsecops360
2026-07-23 05:18:50,202 [ZAP-ActiveScanner-0] INFO  User - Authenticating user: svc-devsecops360
2026-07-23 05:18:50,203 [ZAP-ActiveScanner-0] INFO  User - Authentication failed for user: svc-devsecops360
2026-07-23 05:18:50,208 [ZAP-ActiveScanner-0] INFO  User - Authenticating user: svc-devsecops360
2026-07-23 05:18:50,208 [ZAP-ActiveScanner-0] INFO  User - Authentication failed for user: svc-devsecops360
2026-07-23 05:18:50,240 [ZAP-ActiveScanner-0] INFO  User - Authenticating user: svc-devsecops360
2026-07-23 05:18:50,240 [ZAP-ActiveScanner-0] INFO  User - Authentication failed for user: svc-devsecops360
2026-07-23 05:18:50,246 [ZAP-ActiveScanner-0] INFO  User - Authenticating user: svc-devsecops360
2026-07-23 05:18:50,246 [ZAP-ActiveScanner-0] INFO  User - Authentication failed for user: svc-devsecops360
2026-07-23 05:18:50,276 [ZAP-ActiveScanner-0] INFO  User - Authenticating user: svc-devsecops360
2026-07-23 05:18:50,276 [ZAP-ActiveScanner-0] INFO  User - Authentication failed for user: svc-devsecops360
2026-07-23 05:18:50,281 [ZAP-ActiveScanner-0] INFO  User - Authenticating user: svc-devsecops360
2026-07-23 05:18:50,281 [ZAP-ActiveScanner-0] INFO  User - Authentication failed for user: svc-devsecops360
2026-07-23 05:18:50,314 [ZAP-ActiveScanner-0] INFO  User - Authenticating user: svc-devsecops360
2026-07-23 05:18:50,314 [ZAP-ActiveScanner-0] INFO  User - Authentication failed for user: svc-devsecops360
2026-07-23 05:18:50,319 [ZAP-ActiveScanner-0] INFO  User - Authenticating user: svc-devsecops360
2026-07-23 05:18:50,319 [ZAP-ActiveScanner-0] INFO  User - Authentication failed for user: svc-devsecops360
2026-07-23 05:18:50,354 [ZAP-ActiveScanner-0] INFO  User - Authenticating user: svc-devsecops360
2026-07-23 05:18:50,354 [ZAP-ActiveScanner-0] INFO  User - Authentication failed for user: svc-devsecops360
2026-07-23 05:18:50,361 [ZAP-ActiveScanner-0] INFO  User - Authenticating user: svc-devsecops360
2026-07-23 05:18:50,361 [ZAP-ActiveScanner-0] INFO  User - Authentication failed for user: svc-devsecops360
2026-07-23 05:18:50,399 [ZAP-ActiveScanner-0] INFO  User - Authenticating user: svc-devsecops360
2026-07-23 05:18:50,399 [ZAP-ActiveScanner-0] INFO  User - Authentication failed for user: svc-devsecops360
2026-07-23 05:18:50,404 [ZAP-ActiveScanner-0] INFO  User - Authenticating user: svc-devsecops360
2026-07-23 05:18:50,404 [ZAP-ActiveScanner-0] INFO  User - Authentication failed for user: svc-devsecops360
2026-07-23 05:18:50,444 [ZAP-ActiveScanner-0] INFO  User - Authenticating user: svc-devsecops360
2026-07-23 05:18:50,444 [ZAP-ActiveScanner-0] INFO  User - Authentication failed for user: svc-devsecops360
2026-07-23 05:18:50,449 [ZAP-ActiveScanner-0] INFO  User - Authenticating user: svc-devsecops360
2026-07-23 05:18:50,449 [ZAP-ActiveScanner-0] INFO  User - Authentication failed for user: svc-devsecops360
2026-07-23 05:18:50,484 [ZAP-ActiveScanner-0] INFO  User - Authenticating user: svc-devsecops360
2026-07-23 05:18:50,484 [ZAP-ActiveScanner-0] INFO  User - Authentication failed for user: svc-devsecops360
2026-07-23 05:18:50,489 [ZAP-ActiveScanner-0] INFO  User - Authenticating user: svc-devsecops360
2026-07-23 05:18:50,489 [ZAP-ActiveScanner-0] INFO  User - Authentication failed for user: svc-devsecops360
2026-07-23 05:18:50,521 [ZAP-ActiveScanner-0] INFO  User - Authenticating user: svc-devsecops360
2026-07-23 05:18:50,521 [ZAP-ActiveScanner-0] INFO  User - Authentication failed for user: svc-devsecops360
2026-07-23 05:18:50,526 [ZAP-ActiveScanner-0] INFO  User - Authenticating user: svc-devsecops360
2026-07-23 05:18:50,526 [ZAP-ActiveScanner-0] INFO  User - Authentication failed for user: svc-devsecops360
2026-07-23 05:18:50,558 [ZAP-ActiveScanner-0] INFO  User - Authenticating user: svc-devsecops360
2026-07-23 05:18:50,558 [ZAP-ActiveScanner-0] INFO  User - Authentication failed for user: svc-devsecops360
2026-07-23 05:18:50,563 [ZAP-ActiveScanner-0] INFO  User - Authenticating user: svc-devsecops360
2026-07-23 05:18:50,563 [ZAP-ActiveScanner-0] INFO  User - Authentication failed for user: svc-devsecops360
2026-07-23 05:18:50,598 [ZAP-ActiveScanner-0] INFO  User - Authenticating user: svc-devsecops360
2026-07-23 05:18:50,598 [ZAP-ActiveScanner-0] INFO  User - Authentication failed for user: svc-devsecops360
2026-07-23 05:18:50,603 [ZAP-ActiveScanner-0] INFO  User - Authenticating user: svc-devsecops360
2026-07-23 05:18:50,603 [ZAP-ActiveScanner-0] INFO  User - Authentication failed for user: svc-devsecops360
2026-07-23 05:18:50,630 [ZAP-ActiveScanner-0] INFO  User - Authenticating user: svc-devsecops360
2026-07-23 05:18:50,631 [ZAP-ActiveScanner-0] INFO  User - Authentication failed for user: svc-devsecops360
2026-07-23 05:18:50,636 [ZAP-ActiveScanner-0] INFO  User - Authenticating user: svc-devsecops360
2026-07-23 05:18:50,636 [ZAP-ActiveScanner-0] INFO  User - Authentication failed for user: svc-devsecops360
2026-07-23 05:18:50,669 [ZAP-ActiveScanner-0] INFO  User - Authenticating user: svc-devsecops360
2026-07-23 05:18:50,669 [ZAP-ActiveScanner-0] INFO  User - Authentication failed for user: svc-devsecops360
2026-07-23 05:18:50,673 [ZAP-ActiveScanner-0] INFO  User - Authenticating user: svc-devsecops360
2026-07-23 05:18:50,673 [ZAP-ActiveScanner-0] INFO  User - Authentication failed for user: svc-devsecops360
2026-07-23 05:18:50,708 [ZAP-ActiveScanner-0] INFO  User - Authenticating user: svc-devsecops360
2026-07-23 05:18:50,708 [ZAP-ActiveScanner-0] INFO  User - Authentication failed for user: svc-devsecops360
2026-07-23 05:18:50,713 [ZAP-ActiveScanner-0] INFO  User - Authenticating user: svc-devsecops360
2026-07-23 05:18:50,713 [ZAP-ActiveScanner-0] INFO  User - Authentication failed for user: svc-devsecops360
2026-07-23 05:18:50,739 [ZAP-ActiveScanner-0] INFO  User - Authenticating user: svc-devsecops360
2026-07-23 05:18:50,739 [ZAP-ActiveScanner-0] INFO  User - Authentication failed for user: svc-devsecops360
2026-07-23 05:18:50,744 [ZAP-ActiveScanner-0] INFO  User - Authenticating user: svc-devsecops360
2026-07-23 05:18:50,744 [ZAP-ActiveScanner-0] INFO  User - Authentication failed for user: svc-devsecops360
2026-07-23 05:18:50,773 [ZAP-ActiveScanner-0] INFO  User - Authenticating user: svc-devsecops360
2026-07-23 05:18:50,773 [ZAP-ActiveScanner-0] INFO  User - Authentication failed for user: svc-devsecops360
2026-07-23 05:18:50,781 [ZAP-ActiveScanner-0] INFO  User - Authenticating user: svc-devsecops360
2026-07-23 05:18:50,781 [ZAP-ActiveScanner-0] INFO  User - Authentication failed for user: svc-devsecops360
2026-07-23 05:18:50,808 [ZAP-ActiveScanner-0] INFO  User - Authenticating user: svc-devsecops360
2026-07-23 05:18:50,808 [ZAP-ActiveScanner-0] INFO  User - Authentication failed for user: svc-devsecops360
2026-07-23 05:18:50,812 [ZAP-ActiveScanner-0] INFO  User - Authenticating user: svc-devsecops360
2026-07-23 05:18:50,812 [ZAP-ActiveScanner-0] INFO  User - Authentication failed for user: svc-devsecops360
2026-07-23 05:18:50,836 [ZAP-ActiveScanner-0] INFO  User - Authenticating user: svc-devsecops360
2026-07-23 05:18:50,836 [ZAP-ActiveScanner-0] INFO  User - Authentication failed for user: svc-devsecops360
2026-07-23 05:18:50,841 [ZAP-ActiveScanner-0] INFO  User - Authenticating user: svc-devsecops360
2026-07-23 05:18:50,841 [ZAP-ActiveScanner-0] INFO  User - Authentication failed for user: svc-devsecops360
2026-07-23 05:18:50,870 [ZAP-ActiveScanner-0] INFO  User - Authenticating user: svc-devsecops360
2026-07-23 05:18:50,870 [ZAP-ActiveScanner-0] INFO  User - Authentication failed for user: svc-devsecops360
2026-07-23 05:18:50,875 [ZAP-ActiveScanner-0] INFO  User - Authenticating user: svc-devsecops360
2026-07-23 05:18:50,875 [ZAP-ActiveScanner-0] INFO  User - Authentication failed for user: svc-devsecops360
2026-07-23 05:18:50,907 [ZAP-ActiveScanner-0] INFO  User - Authenticating user: svc-devsecops360
2026-07-23 05:18:50,908 [ZAP-ActiveScanner-0] INFO  User - Authentication failed for user: svc-devsecops360
2026-07-23 05:18:50,913 [ZAP-ActiveScanner-0] INFO  User - Authenticating user: svc-devsecops360
2026-07-23 05:18:50,913 [ZAP-ActiveScanner-0] INFO  User - Authentication failed for user: svc-devsecops360
2026-07-23 05:18:50,943 [ZAP-ActiveScanner-0] INFO  User - Authenticating user: svc-devsecops360
2026-07-23 05:18:50,943 [ZAP-ActiveScanner-0] INFO  User - Authentication failed for user: svc-devsecops360
2026-07-23 05:18:50,948 [ZAP-ActiveScanner-0] INFO  User - Authenticating user: svc-devsecops360
2026-07-23 05:18:50,948 [ZAP-ActiveScanner-0] INFO  User - Authentication failed for user: svc-devsecops360
2026-07-23 05:18:50,978 [ZAP-ActiveScanner-0] INFO  User - Authenticating user: svc-devsecops360
2026-07-23 05:18:50,978 [ZAP-ActiveScanner-0] INFO  User - Authentication failed for user: svc-devsecops360
2026-07-23 05:18:50,983 [ZAP-ActiveScanner-0] INFO  User - Authenticating user: svc-devsecops360
2026-07-23 05:18:50,983 [ZAP-ActiveScanner-0] INFO  User - Authentication failed for user: svc-devsecops360
2026-07-23 05:18:51,033 [ZAP-ActiveScanner-0] INFO  User - Authenticating user: svc-devsecops360
2026-07-23 05:18:51,034 [ZAP-ActiveScanner-0] INFO  User - Authentication failed for user: svc-devsecops360
2026-07-23 05:18:51,040 [ZAP-ActiveScanner-0] INFO  User - Authenticating user: svc-devsecops360
2026-07-23 05:18:51,040 [ZAP-ActiveScanner-0] INFO  User - Authentication failed for user: svc-devsecops360
2026-07-23 05:18:51,103 [ZAP-ActiveScanner-0] INFO  User - Authenticating user: svc-devsecops360
2026-07-23 05:18:51,104 [ZAP-ActiveScanner-0] INFO  User - Authentication failed for user: svc-devsecops360
2026-07-23 05:18:51,109 [ZAP-ActiveScanner-0] INFO  User - Authenticating user: svc-devsecops360
2026-07-23 05:18:51,110 [ZAP-ActiveScanner-0] INFO  User - Authentication failed for user: svc-devsecops360
2026-07-23 05:18:51,175 [ZAP-ActiveScanner-0] INFO  User - Authenticating user: svc-devsecops360
2026-07-23 05:18:51,175 [ZAP-ActiveScanner-0] INFO  User - Authentication failed for user: svc-devsecops360
2026-07-23 05:18:51,182 [ZAP-ActiveScanner-0] INFO  User - Authenticating user: svc-devsecops360
2026-07-23 05:18:51,183 [ZAP-ActiveScanner-0] INFO  User - Authentication failed for user: svc-devsecops360
2026-07-23 05:18:51,242 [ZAP-ActiveScanner-0] INFO  User - Authenticating user: svc-devsecops360
2026-07-23 05:18:51,242 [ZAP-ActiveScanner-0] INFO  User - Authentication failed for user: svc-devsecops360
2026-07-23 05:18:51,247 [ZAP-ActiveScanner-0] INFO  User - Authenticating user: svc-devsecops360
2026-07-23 05:18:51,247 [ZAP-ActiveScanner-0] INFO  User - Authentication failed for user: svc-devsecops360
2026-07-23 05:18:51,283 [ZAP-ActiveScanner-0] INFO  User - Authenticating user: svc-devsecops360
2026-07-23 05:18:51,283 [ZAP-ActiveScanner-0] INFO  User - Authentication failed for user: svc-devsecops360
2026-07-23 05:18:51,287 [ZAP-ActiveScanner-0] INFO  User - Authenticating user: svc-devsecops360
2026-07-23 05:18:51,288 [ZAP-ActiveScanner-0] INFO  User - Authentication failed for user: svc-devsecops360
2026-07-23 05:18:51,317 [ZAP-ActiveScanner-0] INFO  User - Authenticating user: svc-devsecops360
2026-07-23 05:18:51,317 [ZAP-ActiveScanner-0] INFO  User - Authentication failed for user: svc-devsecops360
2026-07-23 05:18:51,322 [ZAP-ActiveScanner-0] INFO  User - Authenticating user: svc-devsecops360
2026-07-23 05:18:51,322 [ZAP-ActiveScanner-0] INFO  User - Authentication failed for user: svc-devsecops360
2026-07-23 05:18:51,350 [ZAP-ActiveScanner-0] INFO  User - Authenticating user: svc-devsecops360
2026-07-23 05:18:51,350 [ZAP-ActiveScanner-0] INFO  User - Authentication failed for user: svc-devsecops360
2026-07-23 05:18:51,355 [ZAP-ActiveScanner-0] INFO  User - Authenticating user: svc-devsecops360
2026-07-23 05:18:51,355 [ZAP-ActiveScanner-0] INFO  User - Authentication failed for user: svc-devsecops360
2026-07-23 05:18:51,383 [ZAP-ActiveScanner-0] INFO  User - Authenticating user: svc-devsecops360
2026-07-23 05:18:51,383 [ZAP-ActiveScanner-0] INFO  User - Authentication failed for user: svc-devsecops360
2026-07-23 05:18:51,387 [ZAP-ActiveScanner-0] INFO  User - Authenticating user: svc-devsecops360
2026-07-23 05:18:51,387 [ZAP-ActiveScanner-0] INFO  User - Authentication failed for user: svc-devsecops360
2026-07-23 05:18:51,413 [ZAP-ActiveScanner-0] INFO  User - Authenticating user: svc-devsecops360
2026-07-23 05:18:51,413 [ZAP-ActiveScanner-0] INFO  User - Authentication failed for user: svc-devsecops360
2026-07-23 05:18:51,418 [ZAP-ActiveScanner-0] INFO  User - Authenticating user: svc-devsecops360
2026-07-23 05:18:51,418 [ZAP-ActiveScanner-0] INFO  User - Authentication failed for user: svc-devsecops360
2026-07-23 05:18:51,448 [ZAP-ActiveScanner-0] INFO  User - Authenticating user: svc-devsecops360
2026-07-23 05:18:51,448 [ZAP-ActiveScanner-0] INFO  User - Authentication failed for user: svc-devsecops360
2026-07-23 05:18:51,453 [ZAP-ActiveScanner-0] INFO  User - Authenticating user: svc-devsecops360
2026-07-23 05:18:51,453 [ZAP-ActiveScanner-0] INFO  User - Authentication failed for user: svc-devsecops360
2026-07-23 05:18:51,484 [ZAP-ActiveScanner-0] INFO  User - Authenticating user: svc-devsecops360
2026-07-23 05:18:51,484 [ZAP-ActiveScanner-0] INFO  User - Authentication failed for user: svc-devsecops360
2026-07-23 05:18:51,490 [ZAP-ActiveScanner-0] INFO  User - Authenticating user: svc-devsecops360
2026-07-23 05:18:51,490 [ZAP-ActiveScanner-0] INFO  User - Authentication failed for user: svc-devsecops360
2026-07-23 05:18:51,525 [ZAP-ActiveScanner-0] INFO  User - Authenticating user: svc-devsecops360
2026-07-23 05:18:51,525 [ZAP-ActiveScanner-0] INFO  User - Authentication failed for user: svc-devsecops360
2026-07-23 05:18:51,530 [ZAP-ActiveScanner-0] INFO  User - Authenticating user: svc-devsecops360
2026-07-23 05:18:51,530 [ZAP-ActiveScanner-0] INFO  User - Authentication failed for user: svc-devsecops360
2026-07-23 05:18:51,560 [ZAP-ActiveScanner-0] INFO  User - Authenticating user: svc-devsecops360
2026-07-23 05:18:51,560 [ZAP-ActiveScanner-0] INFO  User - Authentication failed for user: svc-devsecops360
2026-07-23 05:18:51,565 [ZAP-ActiveScanner-0] INFO  User - Authenticating user: svc-devsecops360
2026-07-23 05:18:51,565 [ZAP-ActiveScanner-0] INFO  User - Authentication failed for user: svc-devsecops360
2026-07-23 05:18:51,592 [ZAP-ActiveScanner-0] INFO  User - Authenticating user: svc-devsecops360
2026-07-23 05:18:51,592 [ZAP-ActiveScanner-0] INFO  User - Authentication failed for user: svc-devsecops360
2026-07-23 05:18:51,596 [ZAP-ActiveScanner-0] INFO  User - Authenticating user: svc-devsecops360
2026-07-23 05:18:51,596 [ZAP-ActiveScanner-0] INFO  User - Authentication failed for user: svc-devsecops360
2026-07-23 05:18:51,624 [ZAP-ActiveScanner-0] INFO  User - Authenticating user: svc-devsecops360
2026-07-23 05:18:51,624 [ZAP-ActiveScanner-0] INFO  User - Authentication failed for user: svc-devsecops360
2026-07-23 05:18:51,629 [ZAP-ActiveScanner-0] INFO  User - Authenticating user: svc-devsecops360
2026-07-23 05:18:51,629 [ZAP-ActiveScanner-0] INFO  User - Authentication failed for user: svc-devsecops360
2026-07-23 05:18:51,633 [ZAP-ActiveScanner-0] INFO  HostProcess - completed host/plugin https://devsecops360.fusion.co.th | HiddenFilesScanRule in 2.015s with 52 message(s) sent and 0 alert(s) raised.
2026-07-23 05:18:51,633 [ZAP-Scanner-0] INFO  HostProcess - completed host/plugin https://devsecops360.fusion.co.th | ExponentialEntityExpansionScanRule in 1.999s with 0 message(s) sent and 0 alert(s) raised.
2026-07-23 05:18:51,633 [ZAP-Scanner-0] INFO  HostProcess - start host https://devsecops360.fusion.co.th | XsltInjectionScanRule strength MEDIUM threshold MEDIUM
2026-07-23 05:18:51,654 [ZAP-Scanner-0] INFO  User - Authenticating user: svc-devsecops360
2026-07-23 05:18:51,654 [ZAP-Scanner-0] INFO  User - Authentication failed for user: svc-devsecops360
2026-07-23 05:18:51,659 [ZAP-Scanner-0] INFO  User - Authenticating user: svc-devsecops360
2026-07-23 05:18:51,659 [ZAP-Scanner-0] INFO  User - Authentication failed for user: svc-devsecops360
2026-07-23 05:18:51,668 [ZAP-Scanner-0] INFO  HostProcess - completed host/plugin https://devsecops360.fusion.co.th | XsltInjectionScanRule in 0.034s with 0 message(s) sent and 0 alert(s) raised.
2026-07-23 05:18:51,668 [ZAP-Scanner-0] INFO  HostProcess - start host https://devsecops360.fusion.co.th | HttpsAsHttpScanRule strength MEDIUM threshold MEDIUM
2026-07-23 05:18:51,690 [ZAP-Scanner-0] INFO  User - Authenticating user: svc-devsecops360
2026-07-23 05:18:51,690 [ZAP-Scanner-0] INFO  User - Authentication failed for user: svc-devsecops360
2026-07-23 05:18:51,695 [ZAP-Scanner-0] INFO  User - Authenticating user: svc-devsecops360
2026-07-23 05:18:51,695 [ZAP-Scanner-0] INFO  User - Authentication failed for user: svc-devsecops360
2026-07-23 05:18:51,732 [ZAP-ActiveScanner-0] INFO  User - Authenticating user: svc-devsecops360
2026-07-23 05:18:51,732 [ZAP-ActiveScanner-0] INFO  User - Authentication failed for user: svc-devsecops360
2026-07-23 05:18:51,784 [ZAP-ActiveScanner-2] INFO  User - Authenticating user: svc-devsecops360
2026-07-23 05:18:51,784 [ZAP-ActiveScanner-2] INFO  User - Authentication failed for user: svc-devsecops360
2026-07-23 05:18:51,792 [ZAP-ActiveScanner-0] INFO  User - Authenticating user: svc-devsecops360
2026-07-23 05:18:51,792 [ZAP-ActiveScanner-0] INFO  User - Authentication failed for user: svc-devsecops360
2026-07-23 05:18:51,800 [ZAP-ActiveScanner-2] INFO  User - Authenticating user: svc-devsecops360
2026-07-23 05:18:51,800 [ZAP-ActiveScanner-2] INFO  User - Authentication failed for user: svc-devsecops360
2026-07-23 05:18:51,815 [ZAP-ActiveScanner-3] INFO  User - Authenticating user: svc-devsecops360
2026-07-23 05:18:51,816 [ZAP-ActiveScanner-3] INFO  User - Authentication failed for user: svc-devsecops360
2026-07-23 05:18:51,849 [ZAP-ActiveScanner-1] INFO  User - Authenticating user: svc-devsecops360
2026-07-23 05:18:51,849 [ZAP-ActiveScanner-1] INFO  User - Authentication failed for user: svc-devsecops360
2026-07-23 05:18:51,863 [ZAP-ActiveScanner-1] INFO  User - Authenticating user: svc-devsecops360
2026-07-23 05:18:51,864 [ZAP-ActiveScanner-1] INFO  User - Authentication failed for user: svc-devsecops360
2026-07-23 05:18:51,874 [ZAP-Scanner-0] INFO  HostProcess - completed host/plugin https://devsecops360.fusion.co.th | HttpsAsHttpScanRule in 0.206s with 4 message(s) sent and 0 alert(s) raised.
2026-07-23 05:18:51,875 [ZAP-Scanner-0] INFO  HostProcess - start host https://devsecops360.fusion.co.th | GetForPostScanRule strength MEDIUM threshold MEDIUM
2026-07-23 05:18:51,900 [ZAP-Scanner-0] INFO  User - Authenticating user: svc-devsecops360
2026-07-23 05:18:51,900 [ZAP-Scanner-0] INFO  User - Authentication failed for user: svc-devsecops360
2026-07-23 05:18:51,904 [ZAP-Scanner-0] INFO  User - Authenticating user: svc-devsecops360
2026-07-23 05:18:51,904 [ZAP-Scanner-0] INFO  User - Authentication failed for user: svc-devsecops360
2026-07-23 05:18:51,912 [ZAP-Scanner-0] INFO  HostProcess - completed host/plugin https://devsecops360.fusion.co.th | GetForPostScanRule in 0.037s with 0 message(s) sent and 0 alert(s) raised.
2026-07-23 05:18:51,913 [ZAP-Scanner-0] INFO  HostProcess - start host https://devsecops360.fusion.co.th | UserAgentScanRule strength MEDIUM threshold MEDIUM
2026-07-23 05:18:51,934 [ZAP-Scanner-0] INFO  User - Authenticating user: svc-devsecops360
2026-07-23 05:18:51,934 [ZAP-Scanner-0] INFO  User - Authentication failed for user: svc-devsecops360
2026-07-23 05:18:51,938 [ZAP-Scanner-0] INFO  User - Authenticating user: svc-devsecops360
2026-07-23 05:18:51,938 [ZAP-Scanner-0] INFO  User - Authentication failed for user: svc-devsecops360
2026-07-23 05:18:51,956 [ZAP-ActiveScanner-0] INFO  User - Authenticating user: svc-devsecops360
2026-07-23 05:18:51,956 [ZAP-ActiveScanner-0] INFO  User - Authentication failed for user: svc-devsecops360
2026-07-23 05:18:51,961 [ZAP-ActiveScanner-0] INFO  User - Authenticating user: svc-devsecops360
2026-07-23 05:18:51,961 [ZAP-ActiveScanner-0] INFO  User - Authentication failed for user: svc-devsecops360
2026-07-23 05:18:51,982 [ZAP-ActiveScanner-1] INFO  User - Authenticating user: svc-devsecops360
2026-07-23 05:18:51,982 [ZAP-ActiveScanner-1] INFO  User - Authentication failed for user: svc-devsecops360
2026-07-23 05:18:51,991 [ZAP-ActiveScanner-1] INFO  User - Authenticating user: svc-devsecops360
2026-07-23 05:18:51,991 [ZAP-ActiveScanner-1] INFO  User - Authentication failed for user: svc-devsecops360
2026-07-23 05:18:52,005 [ZAP-ActiveScanner-6] INFO  User - Authenticating user: svc-devsecops360
2026-07-23 05:18:52,005 [ZAP-ActiveScanner-6] INFO  User - Authentication failed for user: svc-devsecops360
2026-07-23 05:18:52,012 [ZAP-ActiveScanner-6] INFO  User - Authenticating user: svc-devsecops360
2026-07-23 05:18:52,012 [ZAP-ActiveScanner-6] INFO  User - Authentication failed for user: svc-devsecops360
2026-07-23 05:18:52,026 [ZAP-ActiveScanner-5] INFO  User - Authenticating user: svc-devsecops360
2026-07-23 05:18:52,026 [ZAP-ActiveScanner-5] INFO  User - Authentication failed for user: svc-devsecops360
2026-07-23 05:18:52,033 [ZAP-ActiveScanner-5] INFO  User - Authenticating user: svc-devsecops360
2026-07-23 05:18:52,033 [ZAP-ActiveScanner-5] INFO  User - Authentication failed for user: svc-devsecops360
2026-07-23 05:18:52,048 [ZAP-ActiveScanner-4] INFO  User - Authenticating user: svc-devsecops360
2026-07-23 05:18:52,048 [ZAP-ActiveScanner-4] INFO  User - Authentication failed for user: svc-devsecops360
2026-07-23 05:18:52,069 [ZAP-ActiveScanner-2] INFO  User - Authenticating user: svc-devsecops360
2026-07-23 05:18:52,069 [ZAP-ActiveScanner-2] INFO  User - Authentication failed for user: svc-devsecops360
2026-07-23 05:18:52,106 [ZAP-ActiveScanner-3] INFO  User - Authenticating user: svc-devsecops360
2026-07-23 05:18:52,106 [ZAP-ActiveScanner-3] INFO  User - Authentication failed for user: svc-devsecops360
2026-07-23 05:18:52,149 [ZAP-ActiveScanner-3] INFO  User - Authenticating user: svc-devsecops360
2026-07-23 05:18:52,149 [ZAP-ActiveScanner-3] INFO  User - Authentication failed for user: svc-devsecops360
2026-07-23 05:18:52,165 [ZAP-ActiveScanner-1] INFO  User - Authenticating user: svc-devsecops360
2026-07-23 05:18:52,165 [ZAP-ActiveScanner-1] INFO  User - Authentication failed for user: svc-devsecops360
2026-07-23 05:18:52,177 [ZAP-ActiveScanner-1] INFO  User - Authenticating user: svc-devsecops360
2026-07-23 05:18:52,177 [ZAP-ActiveScanner-1] INFO  User - Authentication failed for user: svc-devsecops360
2026-07-23 05:18:52,196 [ZAP-ActiveScanner-0] INFO  User - Authenticating user: svc-devsecops360
2026-07-23 05:18:52,196 [ZAP-ActiveScanner-0] INFO  User - Authentication failed for user: svc-devsecops360
2026-07-23 05:18:52,201 [ZAP-ActiveScanner-0] INFO  User - Authenticating user: svc-devsecops360
2026-07-23 05:18:52,201 [ZAP-ActiveScanner-0] INFO  User - Authentication failed for user: svc-devsecops360
2026-07-23 05:18:52,229 [ZAP-ActiveScanner-6] INFO  User - Authenticating user: svc-devsecops360
2026-07-23 05:18:52,229 [ZAP-ActiveScanner-6] INFO  User - Authentication failed for user: svc-devsecops360
2026-07-23 05:18:52,234 [ZAP-ActiveScanner-6] INFO  User - Authenticating user: svc-devsecops360
2026-07-23 05:18:52,235 [ZAP-ActiveScanner-6] INFO  User - Authentication failed for user: svc-devsecops360
2026-07-23 05:18:52,254 [ZAP-ActiveScanner-5] INFO  User - Authenticating user: svc-devsecops360
2026-07-23 05:18:52,254 [ZAP-ActiveScanner-5] INFO  User - Authentication failed for user: svc-devsecops360
2026-07-23 05:18:52,259 [ZAP-ActiveScanner-5] INFO  User - Authenticating user: svc-devsecops360
2026-07-23 05:18:52,259 [ZAP-ActiveScanner-5] INFO  User - Authentication failed for user: svc-devsecops360
2026-07-23 05:18:52,276 [ZAP-ActiveScanner-4] INFO  User - Authenticating user: svc-devsecops360
2026-07-23 05:18:52,277 [ZAP-ActiveScanner-4] INFO  User - Authentication failed for user: svc-devsecops360
2026-07-23 05:18:52,298 [ZAP-ActiveScanner-1] INFO  User - Authenticating user: svc-devsecops360
2026-07-23 05:18:52,298 [ZAP-ActiveScanner-1] INFO  User - Authentication failed for user: svc-devsecops360
2026-07-23 05:18:52,309 [ZAP-ActiveScanner-1] INFO  User - Authenticating user: svc-devsecops360
2026-07-23 05:18:52,309 [ZAP-ActiveScanner-1] INFO  User - Authentication failed for user: svc-devsecops360
2026-07-23 05:18:52,321 [ZAP-ActiveScanner-2] INFO  User - Authenticating user: svc-devsecops360
2026-07-23 05:18:52,321 [ZAP-ActiveScanner-2] INFO  User - Authentication failed for user: svc-devsecops360
2026-07-23 05:18:52,367 [ZAP-ActiveScanner-3] INFO  User - Authenticating user: svc-devsecops360
2026-07-23 05:18:52,368 [ZAP-ActiveScanner-3] INFO  User - Authentication failed for user: svc-devsecops360
2026-07-23 05:18:52,377 [ZAP-ActiveScanner-3] INFO  User - Authenticating user: svc-devsecops360
2026-07-23 05:18:52,377 [ZAP-ActiveScanner-3] INFO  User - Authentication failed for user: svc-devsecops360
2026-07-23 05:18:52,407 [ZAP-ActiveScanner-1] INFO  User - Authenticating user: svc-devsecops360
2026-07-23 05:18:52,408 [ZAP-ActiveScanner-1] INFO  User - Authentication failed for user: svc-devsecops360
2026-07-23 05:18:52,417 [ZAP-ActiveScanner-1] INFO  User - Authenticating user: svc-devsecops360
2026-07-23 05:18:52,417 [ZAP-ActiveScanner-1] INFO  User - Authentication failed for user: svc-devsecops360
2026-07-23 05:18:52,433 [ZAP-ActiveScanner-0] INFO  User - Authenticating user: svc-devsecops360
2026-07-23 05:18:52,433 [ZAP-ActiveScanner-0] INFO  User - Authentication failed for user: svc-devsecops360
2026-07-23 05:18:52,442 [ZAP-ActiveScanner-0] INFO  User - Authenticating user: svc-devsecops360
2026-07-23 05:18:52,442 [ZAP-ActiveScanner-0] INFO  User - Authentication failed for user: svc-devsecops360
2026-07-23 05:18:52,456 [ZAP-ActiveScanner-5] INFO  User - Authenticating user: svc-devsecops360
2026-07-23 05:18:52,456 [ZAP-ActiveScanner-5] INFO  User - Authentication failed for user: svc-devsecops360
2026-07-23 05:18:52,464 [ZAP-ActiveScanner-5] INFO  User - Authenticating user: svc-devsecops360
2026-07-23 05:18:52,464 [ZAP-ActiveScanner-5] INFO  User - Authentication failed for user: svc-devsecops360
2026-07-23 05:18:52,478 [ZAP-ActiveScanner-6] INFO  User - Authenticating user: svc-devsecops360
2026-07-23 05:18:52,479 [ZAP-ActiveScanner-6] INFO  User - Authentication failed for user: svc-devsecops360
2026-07-23 05:18:52,484 [ZAP-ActiveScanner-6] INFO  User - Authenticating user: svc-devsecops360
2026-07-23 05:18:52,484 [ZAP-ActiveScanner-6] INFO  User - Authentication failed for user: svc-devsecops360
2026-07-23 05:18:52,503 [ZAP-ActiveScanner-5] INFO  User - Authenticating user: svc-devsecops360
2026-07-23 05:18:52,503 [ZAP-ActiveScanner-5] INFO  User - Authentication failed for user: svc-devsecops360
2026-07-23 05:18:52,508 [ZAP-ActiveScanner-5] INFO  User - Authenticating user: svc-devsecops360
2026-07-23 05:18:52,508 [ZAP-ActiveScanner-5] INFO  User - Authentication failed for user: svc-devsecops360
2026-07-23 05:18:52,524 [ZAP-ActiveScanner-4] INFO  User - Authenticating user: svc-devsecops360
2026-07-23 05:18:52,524 [ZAP-ActiveScanner-4] INFO  User - Authentication failed for user: svc-devsecops360
2026-07-23 05:18:52,546 [ZAP-ActiveScanner-2] INFO  User - Authenticating user: svc-devsecops360
2026-07-23 05:18:52,546 [ZAP-ActiveScanner-2] INFO  User - Authentication failed for user: svc-devsecops360
2026-07-23 05:18:52,602 [ZAP-ActiveScanner-0] INFO  User - Authenticating user: svc-devsecops360
2026-07-23 05:18:52,602 [ZAP-ActiveScanner-0] INFO  User - Authentication failed for user: svc-devsecops360
2026-07-23 05:18:52,610 [ZAP-ActiveScanner-0] INFO  User - Authenticating user: svc-devsecops360
2026-07-23 05:18:52,611 [ZAP-ActiveScanner-0] INFO  User - Authentication failed for user: svc-devsecops360
2026-07-23 05:18:52,644 [ZAP-ActiveScanner-6] INFO  User - Authenticating user: svc-devsecops360
2026-07-23 05:18:52,644 [ZAP-ActiveScanner-6] INFO  User - Authentication failed for user: svc-devsecops360
2026-07-23 05:18:52,650 [ZAP-ActiveScanner-6] INFO  User - Authenticating user: svc-devsecops360
2026-07-23 05:18:52,650 [ZAP-ActiveScanner-6] INFO  User - Authentication failed for user: svc-devsecops360
2026-07-23 05:18:52,672 [ZAP-ActiveScanner-5] INFO  User - Authenticating user: svc-devsecops360
2026-07-23 05:18:52,672 [ZAP-ActiveScanner-5] INFO  User - Authentication failed for user: svc-devsecops360
2026-07-23 05:18:52,677 [ZAP-ActiveScanner-5] INFO  User - Authenticating user: svc-devsecops360
2026-07-23 05:18:52,677 [ZAP-ActiveScanner-5] INFO  User - Authentication failed for user: svc-devsecops360
2026-07-23 05:18:52,698 [ZAP-ActiveScanner-3] INFO  User - Authenticating user: svc-devsecops360
2026-07-23 05:18:52,698 [ZAP-ActiveScanner-3] INFO  User - Authentication failed for user: svc-devsecops360
2026-07-23 05:18:52,707 [ZAP-ActiveScanner-3] INFO  User - Authenticating user: svc-devsecops360
2026-07-23 05:18:52,707 [ZAP-ActiveScanner-3] INFO  User - Authentication failed for user: svc-devsecops360
2026-07-23 05:18:52,722 [ZAP-ActiveScanner-1] INFO  User - Authenticating user: svc-devsecops360
2026-07-23 05:18:52,722 [ZAP-ActiveScanner-1] INFO  User - Authentication failed for user: svc-devsecops360
2026-07-23 05:18:52,726 [ZAP-ActiveScanner-1] INFO  User - Authenticating user: svc-devsecops360
2026-07-23 05:18:52,726 [ZAP-ActiveScanner-1] INFO  User - Authentication failed for user: svc-devsecops360
2026-07-23 05:18:52,744 [ZAP-ActiveScanner-4] INFO  User - Authenticating user: svc-devsecops360
2026-07-23 05:18:52,744 [ZAP-ActiveScanner-4] INFO  User - Authentication failed for user: svc-devsecops360
2026-07-23 05:18:52,765 [ZAP-ActiveScanner-1] INFO  User - Authenticating user: svc-devsecops360
2026-07-23 05:18:52,765 [ZAP-ActiveScanner-1] INFO  User - Authentication failed for user: svc-devsecops360
2026-07-23 05:18:52,772 [ZAP-ActiveScanner-1] INFO  User - Authenticating user: svc-devsecops360
2026-07-23 05:18:52,772 [ZAP-ActiveScanner-1] INFO  User - Authentication failed for user: svc-devsecops360
2026-07-23 05:18:52,786 [ZAP-ActiveScanner-2] INFO  User - Authenticating user: svc-devsecops360
2026-07-23 05:18:52,786 [ZAP-ActiveScanner-2] INFO  User - Authentication failed for user: svc-devsecops360
2026-07-23 05:18:52,838 [ZAP-ActiveScanner-0] INFO  User - Authenticating user: svc-devsecops360
2026-07-23 05:18:52,838 [ZAP-ActiveScanner-0] INFO  User - Authentication failed for user: svc-devsecops360
2026-07-23 05:18:52,844 [ZAP-ActiveScanner-0] INFO  User - Authenticating user: svc-devsecops360
2026-07-23 05:18:52,844 [ZAP-ActiveScanner-0] INFO  User - Authentication failed for user: svc-devsecops360
2026-07-23 05:18:52,880 [ZAP-ActiveScanner-5] INFO  User - Authenticating user: svc-devsecops360
2026-07-23 05:18:52,880 [ZAP-ActiveScanner-5] INFO  User - Authentication failed for user: svc-devsecops360
2026-07-23 05:18:52,888 [ZAP-ActiveScanner-5] INFO  User - Authenticating user: svc-devsecops360
2026-07-23 05:18:52,888 [ZAP-ActiveScanner-5] INFO  User - Authentication failed for user: svc-devsecops360
2026-07-23 05:18:52,905 [ZAP-ActiveScanner-6] INFO  User - Authenticating user: svc-devsecops360
2026-07-23 05:18:52,905 [ZAP-ActiveScanner-6] INFO  User - Authentication failed for user: svc-devsecops360
2026-07-23 05:18:52,911 [ZAP-ActiveScanner-6] INFO  User - Authenticating user: svc-devsecops360
2026-07-23 05:18:52,911 [ZAP-ActiveScanner-6] INFO  User - Authentication failed for user: svc-devsecops360
2026-07-23 05:18:52,929 [ZAP-ActiveScanner-3] INFO  User - Authenticating user: svc-devsecops360
2026-07-23 05:18:52,929 [ZAP-ActiveScanner-3] INFO  User - Authentication failed for user: svc-devsecops360
2026-07-23 05:18:52,943 [ZAP-ActiveScanner-3] INFO  User - Authenticating user: svc-devsecops360
2026-07-23 05:18:52,943 [ZAP-ActiveScanner-3] INFO  User - Authentication failed for user: svc-devsecops360
2026-07-23 05:18:52,953 [ZAP-ActiveScanner-2] INFO  User - Authenticating user: svc-devsecops360
2026-07-23 05:18:52,953 [ZAP-ActiveScanner-2] INFO  User - Authentication failed for user: svc-devsecops360
2026-07-23 05:18:52,996 [ZAP-ActiveScanner-0] INFO  User - Authenticating user: svc-devsecops360
2026-07-23 05:18:52,996 [ZAP-ActiveScanner-0] INFO  User - Authentication failed for user: svc-devsecops360
2026-07-23 05:18:53,001 [ZAP-ActiveScanner-0] INFO  User - Authenticating user: svc-devsecops360
2026-07-23 05:18:53,001 [ZAP-ActiveScanner-0] INFO  User - Authentication failed for user: svc-devsecops360
2026-07-23 05:18:53,036 [ZAP-ActiveScanner-5] INFO  User - Authenticating user: svc-devsecops360
2026-07-23 05:18:53,036 [ZAP-ActiveScanner-5] INFO  User - Authentication failed for user: svc-devsecops360
2026-07-23 05:18:53,044 [ZAP-ActiveScanner-5] INFO  User - Authenticating user: svc-devsecops360
2026-07-23 05:18:53,044 [ZAP-ActiveScanner-5] INFO  User - Authentication failed for user: svc-devsecops360
2026-07-23 05:18:53,061 [ZAP-ActiveScanner-1] INFO  User - Authenticating user: svc-devsecops360
2026-07-23 05:18:53,061 [ZAP-ActiveScanner-1] INFO  User - Authentication failed for user: svc-devsecops360
2026-07-23 05:18:53,066 [ZAP-ActiveScanner-1] INFO  User - Authenticating user: svc-devsecops360
2026-07-23 05:18:53,066 [ZAP-ActiveScanner-1] INFO  User - Authentication failed for user: svc-devsecops360
2026-07-23 05:18:53,084 [ZAP-ActiveScanner-4] INFO  User - Authenticating user: svc-devsecops360
2026-07-23 05:18:53,084 [ZAP-ActiveScanner-4] INFO  User - Authentication failed for user: svc-devsecops360
2026-07-23 05:18:53,106 [ZAP-ActiveScanner-6] INFO  User - Authenticating user: svc-devsecops360
2026-07-23 05:18:53,106 [ZAP-ActiveScanner-6] INFO  User - Authentication failed for user: svc-devsecops360
2026-07-23 05:18:53,111 [ZAP-ActiveScanner-6] INFO  User - Authenticating user: svc-devsecops360
2026-07-23 05:18:53,111 [ZAP-ActiveScanner-6] INFO  User - Authentication failed for user: svc-devsecops360
2026-07-23 05:18:53,129 [ZAP-ActiveScanner-1] INFO  User - Authenticating user: svc-devsecops360
2026-07-23 05:18:53,129 [ZAP-ActiveScanner-1] INFO  User - Authentication failed for user: svc-devsecops360
2026-07-23 05:18:53,138 [ZAP-ActiveScanner-1] INFO  User - Authenticating user: svc-devsecops360
2026-07-23 05:18:53,138 [ZAP-ActiveScanner-1] INFO  User - Authentication failed for user: svc-devsecops360
2026-07-23 05:18:53,153 [ZAP-ActiveScanner-3] INFO  User - Authenticating user: svc-devsecops360
2026-07-23 05:18:53,153 [ZAP-ActiveScanner-3] INFO  User - Authentication failed for user: svc-devsecops360
2026-07-23 05:18:53,160 [ZAP-ActiveScanner-3] INFO  User - Authenticating user: svc-devsecops360
2026-07-23 05:18:53,160 [ZAP-ActiveScanner-3] INFO  User - Authentication failed for user: svc-devsecops360
2026-07-23 05:18:53,177 [ZAP-ActiveScanner-0] INFO  User - Authenticating user: svc-devsecops360
2026-07-23 05:18:53,177 [ZAP-ActiveScanner-0] INFO  User - Authentication failed for user: svc-devsecops360
2026-07-23 05:18:53,182 [ZAP-ActiveScanner-0] INFO  User - Authenticating user: svc-devsecops360
2026-07-23 05:18:53,182 [ZAP-ActiveScanner-0] INFO  User - Authentication failed for user: svc-devsecops360
2026-07-23 05:18:53,206 [ZAP-ActiveScanner-2] INFO  User - Authenticating user: svc-devsecops360
2026-07-23 05:18:53,206 [ZAP-ActiveScanner-2] INFO  User - Authentication failed for user: svc-devsecops360
2026-07-23 05:18:53,250 [ZAP-ActiveScanner-5] INFO  User - Authenticating user: svc-devsecops360
2026-07-23 05:18:53,250 [ZAP-ActiveScanner-5] INFO  User - Authentication failed for user: svc-devsecops360
2026-07-23 05:18:53,256 [ZAP-ActiveScanner-5] INFO  User - Authenticating user: svc-devsecops360
2026-07-23 05:18:53,256 [ZAP-ActiveScanner-5] INFO  User - Authentication failed for user: svc-devsecops360
2026-07-23 05:18:53,293 [ZAP-ActiveScanner-4] INFO  User - Authenticating user: svc-devsecops360
2026-07-23 05:18:53,293 [ZAP-ActiveScanner-4] INFO  User - Authentication failed for user: svc-devsecops360
2026-07-23 05:18:53,325 [ZAP-ActiveScanner-1] INFO  User - Authenticating user: svc-devsecops360
2026-07-23 05:18:53,325 [ZAP-ActiveScanner-1] INFO  User - Authentication failed for user: svc-devsecops360
2026-07-23 05:18:53,332 [ZAP-ActiveScanner-1] INFO  User - Authenticating user: svc-devsecops360
2026-07-23 05:18:53,332 [ZAP-ActiveScanner-1] INFO  User - Authentication failed for user: svc-devsecops360
2026-07-23 05:18:53,355 [ZAP-ActiveScanner-6] INFO  User - Authenticating user: svc-devsecops360
2026-07-23 05:18:53,355 [ZAP-ActiveScanner-6] INFO  User - Authentication failed for user: svc-devsecops360
2026-07-23 05:18:53,369 [ZAP-ActiveScanner-6] INFO  User - Authenticating user: svc-devsecops360
2026-07-23 05:18:53,369 [ZAP-ActiveScanner-6] INFO  User - Authentication failed for user: svc-devsecops360
2026-07-23 05:18:53,379 [ZAP-ActiveScanner-3] INFO  User - Authenticating user: svc-devsecops360
2026-07-23 05:18:53,379 [ZAP-ActiveScanner-3] INFO  User - Authentication failed for user: svc-devsecops360
2026-07-23 05:18:53,390 [ZAP-ActiveScanner-3] INFO  User - Authenticating user: svc-devsecops360
2026-07-23 05:18:53,390 [ZAP-ActiveScanner-3] INFO  User - Authentication failed for user: svc-devsecops360
2026-07-23 05:18:53,403 [ZAP-ActiveScanner-0] INFO  User - Authenticating user: svc-devsecops360
2026-07-23 05:18:53,403 [ZAP-ActiveScanner-0] INFO  User - Authentication failed for user: svc-devsecops360
2026-07-23 05:18:53,408 [ZAP-ActiveScanner-0] INFO  User - Authenticating user: svc-devsecops360
2026-07-23 05:18:53,408 [ZAP-ActiveScanner-0] INFO  User - Authentication failed for user: svc-devsecops360
2026-07-23 05:18:53,426 [ZAP-ActiveScanner-1] INFO  User - Authenticating user: svc-devsecops360
2026-07-23 05:18:53,427 [ZAP-ActiveScanner-1] INFO  User - Authentication failed for user: svc-devsecops360
2026-07-23 05:18:53,440 [ZAP-ActiveScanner-1] INFO  User - Authenticating user: svc-devsecops360
2026-07-23 05:18:53,440 [ZAP-ActiveScanner-1] INFO  User - Authentication failed for user: svc-devsecops360
2026-07-23 05:18:53,454 [ZAP-ActiveScanner-5] INFO  User - Authenticating user: svc-devsecops360
2026-07-23 05:18:53,454 [ZAP-ActiveScanner-5] INFO  User - Authentication failed for user: svc-devsecops360
2026-07-23 05:18:53,462 [ZAP-ActiveScanner-5] INFO  User - Authenticating user: svc-devsecops360
2026-07-23 05:18:53,463 [ZAP-ActiveScanner-5] INFO  User - Authentication failed for user: svc-devsecops360
2026-07-23 05:18:53,481 [ZAP-ActiveScanner-2] INFO  User - Authenticating user: svc-devsecops360
2026-07-23 05:18:53,481 [ZAP-ActiveScanner-2] INFO  User - Authentication failed for user: svc-devsecops360
2026-07-23 05:18:53,535 [ZAP-ActiveScanner-4] INFO  User - Authenticating user: svc-devsecops360
2026-07-23 05:18:53,536 [ZAP-ActiveScanner-4] INFO  User - Authentication failed for user: svc-devsecops360
2026-07-23 05:18:53,580 [ZAP-ActiveScanner-6] INFO  User - Authenticating user: svc-devsecops360
2026-07-23 05:18:53,580 [ZAP-ActiveScanner-6] INFO  User - Authentication failed for user: svc-devsecops360
2026-07-23 05:18:53,586 [ZAP-ActiveScanner-6] INFO  User - Authenticating user: svc-devsecops360
2026-07-23 05:18:53,586 [ZAP-ActiveScanner-6] INFO  User - Authentication failed for user: svc-devsecops360
2026-07-23 05:18:53,608 [ZAP-ActiveScanner-0] INFO  User - Authenticating user: svc-devsecops360
2026-07-23 05:18:53,608 [ZAP-ActiveScanner-0] INFO  User - Authentication failed for user: svc-devsecops360
2026-07-23 05:18:53,617 [ZAP-ActiveScanner-0] INFO  User - Authenticating user: svc-devsecops360
2026-07-23 05:18:53,617 [ZAP-ActiveScanner-0] INFO  User - Authentication failed for user: svc-devsecops360
2026-07-23 05:18:53,633 [ZAP-ActiveScanner-3] INFO  User - Authenticating user: svc-devsecops360
2026-07-23 05:18:53,633 [ZAP-ActiveScanner-3] INFO  User - Authentication failed for user: svc-devsecops360
2026-07-23 05:18:53,643 [ZAP-ActiveScanner-3] INFO  User - Authenticating user: svc-devsecops360
2026-07-23 05:18:53,643 [ZAP-ActiveScanner-3] INFO  User - Authentication failed for user: svc-devsecops360
2026-07-23 05:18:53,661 [ZAP-ActiveScanner-5] INFO  User - Authenticating user: svc-devsecops360
2026-07-23 05:18:53,661 [ZAP-ActiveScanner-5] INFO  User - Authentication failed for user: svc-devsecops360
2026-07-23 05:18:53,684 [ZAP-ActiveScanner-2] INFO  User - Authenticating user: svc-devsecops360
2026-07-23 05:18:53,684 [ZAP-ActiveScanner-2] INFO  User - Authentication failed for user: svc-devsecops360
2026-07-23 05:18:53,707 [ZAP-ActiveScanner-4] INFO  User - Authenticating user: svc-devsecops360
2026-07-23 05:18:53,707 [ZAP-ActiveScanner-4] INFO  User - Authentication failed for user: svc-devsecops360
2026-07-23 05:18:53,731 [ZAP-ActiveScanner-6] INFO  User - Authenticating user: svc-devsecops360
2026-07-23 05:18:53,731 [ZAP-ActiveScanner-6] INFO  User - Authentication failed for user: svc-devsecops360
2026-07-23 05:18:53,744 [ZAP-ActiveScanner-5] INFO  User - Authenticating user: svc-devsecops360
2026-07-23 05:18:53,744 [ZAP-ActiveScanner-5] INFO  User - Authentication failed for user: svc-devsecops360
2026-07-23 05:18:53,758 [ZAP-ActiveScanner-1] INFO  User - Authenticating user: svc-devsecops360
2026-07-23 05:18:53,758 [ZAP-ActiveScanner-1] INFO  User - Authentication failed for user: svc-devsecops360
2026-07-23 05:18:53,763 [ZAP-ActiveScanner-6] INFO  User - Authenticating user: svc-devsecops360
2026-07-23 05:18:53,763 [ZAP-ActiveScanner-6] INFO  User - Authentication failed for user: svc-devsecops360
2026-07-23 05:18:53,766 [ZAP-ActiveScanner-1] INFO  User - Authenticating user: svc-devsecops360
2026-07-23 05:18:53,766 [ZAP-ActiveScanner-1] INFO  User - Authentication failed for user: svc-devsecops360
2026-07-23 05:18:53,830 [ZAP-ActiveScanner-0] INFO  User - Authenticating user: svc-devsecops360
2026-07-23 05:18:53,830 [ZAP-ActiveScanner-0] INFO  User - Authentication failed for user: svc-devsecops360
2026-07-23 05:18:53,841 [ZAP-ActiveScanner-0] INFO  User - Authenticating user: svc-devsecops360
2026-07-23 05:18:53,841 [ZAP-ActiveScanner-0] INFO  User - Authentication failed for user: svc-devsecops360
2026-07-23 05:18:53,858 [ZAP-ActiveScanner-1] INFO  User - Authenticating user: svc-devsecops360
2026-07-23 05:18:53,858 [ZAP-ActiveScanner-1] INFO  User - Authentication failed for user: svc-devsecops360
2026-07-23 05:18:53,869 [ZAP-ActiveScanner-1] INFO  User - Authenticating user: svc-devsecops360
2026-07-23 05:18:53,869 [ZAP-ActiveScanner-1] INFO  User - Authentication failed for user: svc-devsecops360
2026-07-23 05:18:53,884 [ZAP-ActiveScanner-6] INFO  User - Authenticating user: svc-devsecops360
2026-07-23 05:18:53,885 [ZAP-ActiveScanner-6] INFO  User - Authentication failed for user: svc-devsecops360
2026-07-23 05:18:53,900 [ZAP-ActiveScanner-6] INFO  User - Authenticating user: svc-devsecops360
2026-07-23 05:18:53,900 [ZAP-ActiveScanner-6] INFO  User - Authentication failed for user: svc-devsecops360
2026-07-23 05:18:53,910 [ZAP-ActiveScanner-3] INFO  User - Authenticating user: svc-devsecops360
2026-07-23 05:18:53,910 [ZAP-ActiveScanner-3] INFO  User - Authentication failed for user: svc-devsecops360
2026-07-23 05:18:53,915 [ZAP-ActiveScanner-3] INFO  User - Authenticating user: svc-devsecops360
2026-07-23 05:18:53,915 [ZAP-ActiveScanner-3] INFO  User - Authentication failed for user: svc-devsecops360
2026-07-23 05:18:53,934 [ZAP-ActiveScanner-5] INFO  User - Authenticating user: svc-devsecops360
2026-07-23 05:18:53,934 [ZAP-ActiveScanner-5] INFO  User - Authentication failed for user: svc-devsecops360
2026-07-23 05:18:53,939 [ZAP-ActiveScanner-5] INFO  User - Authenticating user: svc-devsecops360
2026-07-23 05:18:53,939 [ZAP-ActiveScanner-5] INFO  User - Authentication failed for user: svc-devsecops360
2026-07-23 05:18:53,960 [ZAP-ActiveScanner-4] INFO  User - Authenticating user: svc-devsecops360
2026-07-23 05:18:53,960 [ZAP-ActiveScanner-4] INFO  User - Authentication failed for user: svc-devsecops360
2026-07-23 05:18:53,984 [ZAP-ActiveScanner-2] INFO  User - Authenticating user: svc-devsecops360
2026-07-23 05:18:53,984 [ZAP-ActiveScanner-2] INFO  User - Authentication failed for user: svc-devsecops360
2026-07-23 05:18:54,038 [ZAP-ActiveScanner-0] INFO  User - Authenticating user: svc-devsecops360
2026-07-23 05:18:54,038 [ZAP-ActiveScanner-0] INFO  User - Authentication failed for user: svc-devsecops360
2026-07-23 05:18:54,044 [ZAP-ActiveScanner-0] INFO  User - Authenticating user: svc-devsecops360
2026-07-23 05:18:54,044 [ZAP-ActiveScanner-0] INFO  User - Authentication failed for user: svc-devsecops360
2026-07-23 05:18:54,076 [ZAP-ActiveScanner-3] INFO  User - Authenticating user: svc-devsecops360
2026-07-23 05:18:54,076 [ZAP-ActiveScanner-3] INFO  User - Authentication failed for user: svc-devsecops360
2026-07-23 05:18:54,084 [ZAP-ActiveScanner-3] INFO  User - Authenticating user: svc-devsecops360
2026-07-23 05:18:54,084 [ZAP-ActiveScanner-3] INFO  User - Authentication failed for user: svc-devsecops360
2026-07-23 05:18:54,103 [ZAP-ActiveScanner-6] INFO  User - Authenticating user: svc-devsecops360
2026-07-23 05:18:54,103 [ZAP-ActiveScanner-6] INFO  User - Authentication failed for user: svc-devsecops360
2026-07-23 05:18:54,108 [ZAP-ActiveScanner-6] INFO  User - Authenticating user: svc-devsecops360
2026-07-23 05:18:54,108 [ZAP-ActiveScanner-6] INFO  User - Authentication failed for user: svc-devsecops360
2026-07-23 05:18:54,129 [ZAP-ActiveScanner-5] INFO  User - Authenticating user: svc-devsecops360
2026-07-23 05:18:54,129 [ZAP-ActiveScanner-5] INFO  User - Authentication failed for user: svc-devsecops360
2026-07-23 05:18:54,144 [ZAP-ActiveScanner-5] INFO  User - Authenticating user: svc-devsecops360
2026-07-23 05:18:54,144 [ZAP-ActiveScanner-5] INFO  User - Authentication failed for user: svc-devsecops360
2026-07-23 05:18:54,153 [ZAP-ActiveScanner-1] INFO  User - Authenticating user: svc-devsecops360
2026-07-23 05:18:54,153 [ZAP-ActiveScanner-1] INFO  User - Authentication failed for user: svc-devsecops360
2026-07-23 05:18:54,159 [ZAP-ActiveScanner-1] INFO  User - Authenticating user: svc-devsecops360
2026-07-23 05:18:54,160 [ZAP-ActiveScanner-1] INFO  User - Authentication failed for user: svc-devsecops360
2026-07-23 05:18:54,179 [ZAP-ActiveScanner-4] INFO  User - Authenticating user: svc-devsecops360
2026-07-23 05:18:54,179 [ZAP-ActiveScanner-4] INFO  User - Authentication failed for user: svc-devsecops360
2026-07-23 05:18:54,206 [ZAP-ActiveScanner-1] INFO  User - Authenticating user: svc-devsecops360
2026-07-23 05:18:54,206 [ZAP-ActiveScanner-1] INFO  User - Authentication failed for user: svc-devsecops360
2026-07-23 05:18:54,217 [ZAP-ActiveScanner-1] INFO  User - Authenticating user: svc-devsecops360
2026-07-23 05:18:54,217 [ZAP-ActiveScanner-1] INFO  User - Authentication failed for user: svc-devsecops360
2026-07-23 05:18:54,232 [ZAP-ActiveScanner-2] INFO  User - Authenticating user: svc-devsecops360
2026-07-23 05:18:54,232 [ZAP-ActiveScanner-2] INFO  User - Authentication failed for user: svc-devsecops360
2026-07-23 05:18:54,307 [ZAP-ActiveScanner-0] INFO  User - Authenticating user: svc-devsecops360
2026-07-23 05:18:54,307 [ZAP-ActiveScanner-0] INFO  User - Authentication failed for user: svc-devsecops360
2026-07-23 05:18:54,313 [ZAP-ActiveScanner-0] INFO  User - Authenticating user: svc-devsecops360
2026-07-23 05:18:54,313 [ZAP-ActiveScanner-0] INFO  User - Authentication failed for user: svc-devsecops360
2026-07-23 05:18:54,338 [ZAP-ActiveScanner-3] INFO  User - Authenticating user: svc-devsecops360
2026-07-23 05:18:54,338 [ZAP-ActiveScanner-3] INFO  User - Authentication failed for user: svc-devsecops360
2026-07-23 05:18:54,348 [ZAP-ActiveScanner-3] INFO  User - Authenticating user: svc-devsecops360
2026-07-23 05:18:54,348 [ZAP-ActiveScanner-3] INFO  User - Authentication failed for user: svc-devsecops360
2026-07-23 05:18:54,367 [ZAP-ActiveScanner-6] INFO  User - Authenticating user: svc-devsecops360
2026-07-23 05:18:54,367 [ZAP-ActiveScanner-6] INFO  User - Authentication failed for user: svc-devsecops360
2026-07-23 05:18:54,377 [ZAP-ActiveScanner-6] INFO  User - Authenticating user: svc-devsecops360
2026-07-23 05:18:54,377 [ZAP-ActiveScanner-6] INFO  User - Authentication failed for user: svc-devsecops360
2026-07-23 05:18:54,396 [ZAP-ActiveScanner-3] INFO  User - Authenticating user: svc-devsecops360
2026-07-23 05:18:54,397 [ZAP-ActiveScanner-3] INFO  User - Authentication failed for user: svc-devsecops360
2026-07-23 05:18:54,405 [ZAP-ActiveScanner-3] INFO  User - Authenticating user: svc-devsecops360
2026-07-23 05:18:54,405 [ZAP-ActiveScanner-3] INFO  User - Authentication failed for user: svc-devsecops360
2026-07-23 05:18:54,425 [ZAP-ActiveScanner-1] INFO  User - Authenticating user: svc-devsecops360
2026-07-23 05:18:54,426 [ZAP-ActiveScanner-1] INFO  User - Authentication failed for user: svc-devsecops360
2026-07-23 05:18:54,431 [ZAP-ActiveScanner-1] INFO  User - Authenticating user: svc-devsecops360
2026-07-23 05:18:54,431 [ZAP-ActiveScanner-1] INFO  User - Authentication failed for user: svc-devsecops360
2026-07-23 05:18:54,450 [ZAP-ActiveScanner-2] INFO  User - Authenticating user: svc-devsecops360
2026-07-23 05:18:54,451 [ZAP-ActiveScanner-2] INFO  User - Authentication failed for user: svc-devsecops360
2026-07-23 05:18:54,513 [ZAP-ActiveScanner-4] INFO  User - Authenticating user: svc-devsecops360
2026-07-23 05:18:54,513 [ZAP-ActiveScanner-4] INFO  User - Authentication failed for user: svc-devsecops360
2026-07-23 05:18:54,548 [ZAP-ActiveScanner-1] INFO  User - Authenticating user: svc-devsecops360
2026-07-23 05:18:54,548 [ZAP-ActiveScanner-1] INFO  User - Authentication failed for user: svc-devsecops360
2026-07-23 05:18:54,561 [ZAP-ActiveScanner-1] INFO  User - Authenticating user: svc-devsecops360
2026-07-23 05:18:54,561 [ZAP-ActiveScanner-1] INFO  User - Authentication failed for user: svc-devsecops360
2026-07-23 05:18:54,580 [ZAP-ActiveScanner-4] INFO  User - Authenticating user: svc-devsecops360
2026-07-23 05:18:54,581 [ZAP-ActiveScanner-4] INFO  User - Authentication failed for user: svc-devsecops360
2026-07-23 05:18:54,609 [ZAP-ActiveScanner-2] INFO  User - Authenticating user: svc-devsecops360
2026-07-23 05:18:54,610 [ZAP-ActiveScanner-2] INFO  User - Authentication failed for user: svc-devsecops360
2026-07-23 05:18:54,662 [ZAP-ActiveScanner-3] INFO  User - Authenticating user: svc-devsecops360
2026-07-23 05:18:54,662 [ZAP-ActiveScanner-3] INFO  User - Authentication failed for user: svc-devsecops360
2026-07-23 05:18:54,681 [ZAP-ActiveScanner-3] INFO  User - Authenticating user: svc-devsecops360
2026-07-23 05:18:54,681 [ZAP-ActiveScanner-3] INFO  User - Authentication failed for user: svc-devsecops360
2026-07-23 05:18:54,721 [ZAP-ActiveScanner-1] INFO  User - Authenticating user: svc-devsecops360
2026-07-23 05:18:54,721 [ZAP-ActiveScanner-1] INFO  User - Authentication failed for user: svc-devsecops360
2026-07-23 05:18:54,726 [ZAP-ActiveScanner-1] INFO  User - Authenticating user: svc-devsecops360
2026-07-23 05:18:54,726 [ZAP-ActiveScanner-1] INFO  User - Authentication failed for user: svc-devsecops360
2026-07-23 05:18:54,754 [ZAP-ActiveScanner-1] INFO  User - Authenticating user: svc-devsecops360
2026-07-23 05:18:54,754 [ZAP-ActiveScanner-1] INFO  User - Authentication failed for user: svc-devsecops360
2026-07-23 05:18:54,766 [ZAP-ActiveScanner-1] INFO  User - Authenticating user: svc-devsecops360
2026-07-23 05:18:54,766 [ZAP-ActiveScanner-1] INFO  User - Authentication failed for user: svc-devsecops360
2026-07-23 05:18:54,797 [ZAP-ActiveScanner-1] INFO  User - Authenticating user: svc-devsecops360
2026-07-23 05:18:54,797 [ZAP-ActiveScanner-1] INFO  User - Authentication failed for user: svc-devsecops360
2026-07-23 05:18:54,802 [ZAP-ActiveScanner-1] INFO  User - Authenticating user: svc-devsecops360
2026-07-23 05:18:54,802 [ZAP-ActiveScanner-1] INFO  User - Authentication failed for user: svc-devsecops360
2026-07-23 05:18:54,830 [ZAP-ActiveScanner-1] INFO  User - Authenticating user: svc-devsecops360
2026-07-23 05:18:54,830 [ZAP-ActiveScanner-1] INFO  User - Authentication failed for user: svc-devsecops360
2026-07-23 05:18:54,840 [ZAP-ActiveScanner-1] INFO  User - Authenticating user: svc-devsecops360
2026-07-23 05:18:54,840 [ZAP-ActiveScanner-1] INFO  User - Authentication failed for user: svc-devsecops360
2026-07-23 05:18:54,877 [ZAP-ActiveScanner-1] INFO  User - Authenticating user: svc-devsecops360
2026-07-23 05:18:54,878 [ZAP-ActiveScanner-1] INFO  User - Authentication failed for user: svc-devsecops360
2026-07-23 05:18:54,883 [ZAP-ActiveScanner-1] INFO  User - Authenticating user: svc-devsecops360
2026-07-23 05:18:54,883 [ZAP-ActiveScanner-1] INFO  User - Authentication failed for user: svc-devsecops360
2026-07-23 05:18:54,915 [ZAP-ActiveScanner-1] INFO  User - Authenticating user: svc-devsecops360
2026-07-23 05:18:54,915 [ZAP-ActiveScanner-1] INFO  User - Authentication failed for user: svc-devsecops360
2026-07-23 05:18:54,924 [ZAP-ActiveScanner-1] INFO  User - Authenticating user: svc-devsecops360
2026-07-23 05:18:54,925 [ZAP-ActiveScanner-1] INFO  User - Authentication failed for user: svc-devsecops360
2026-07-23 05:18:54,957 [ZAP-ActiveScanner-1] INFO  User - Authenticating user: svc-devsecops360
2026-07-23 05:18:54,957 [ZAP-ActiveScanner-1] INFO  User - Authentication failed for user: svc-devsecops360
2026-07-23 05:18:54,962 [ZAP-ActiveScanner-1] INFO  User - Authenticating user: svc-devsecops360
2026-07-23 05:18:54,962 [ZAP-ActiveScanner-1] INFO  User - Authentication failed for user: svc-devsecops360
2026-07-23 05:18:54,994 [ZAP-ActiveScanner-1] INFO  User - Authenticating user: svc-devsecops360
2026-07-23 05:18:54,994 [ZAP-ActiveScanner-1] INFO  User - Authentication failed for user: svc-devsecops360
2026-07-23 05:18:55,008 [ZAP-ActiveScanner-1] INFO  User - Authenticating user: svc-devsecops360
2026-07-23 05:18:55,008 [ZAP-ActiveScanner-1] INFO  User - Authentication failed for user: svc-devsecops360
2026-07-23 05:18:55,016 [ZAP-Scanner-0] INFO  HostProcess - completed host/plugin https://devsecops360.fusion.co.th | UserAgentScanRule in 3.104s with 84 message(s) sent and 12 alert(s) raised.
2026-07-23 05:18:55,016 [ZAP-Scanner-0] INFO  HostProcess - start host https://devsecops360.fusion.co.th | ScriptsActiveScanner strength MEDIUM threshold MEDIUM
2026-07-23 05:18:55,058 [ZAP-Scanner-0] INFO  User - Authenticating user: svc-devsecops360
2026-07-23 05:18:55,058 [ZAP-Scanner-0] INFO  User - Authentication failed for user: svc-devsecops360
2026-07-23 05:18:55,064 [ZAP-Scanner-0] INFO  User - Authenticating user: svc-devsecops360
2026-07-23 05:18:55,064 [ZAP-Scanner-0] INFO  User - Authentication failed for user: svc-devsecops360
2026-07-23 05:18:55,259 [ZAP-Scanner-0] INFO  HostProcess - completed host/plugin https://devsecops360.fusion.co.th | ScriptsActiveScanner in 0.243s with 0 message(s) sent and 0 alert(s) raised.
2026-07-23 05:18:55,260 [ZAP-Scanner-0] INFO  HostProcess - start host https://devsecops360.fusion.co.th | SOAPActionSpoofingActiveScanRule strength MEDIUM threshold MEDIUM
2026-07-23 05:18:55,326 [ZAP-Scanner-0] INFO  User - Authenticating user: svc-devsecops360
2026-07-23 05:18:55,327 [ZAP-Scanner-0] INFO  User - Authentication failed for user: svc-devsecops360
2026-07-23 05:18:55,335 [ZAP-Scanner-0] INFO  User - Authenticating user: svc-devsecops360
2026-07-23 05:18:55,335 [ZAP-Scanner-0] INFO  User - Authentication failed for user: svc-devsecops360
2026-07-23 05:18:55,352 [ZAP-Scanner-0] INFO  HostProcess - completed host/plugin https://devsecops360.fusion.co.th | SOAPActionSpoofingActiveScanRule in 0.093s with 0 message(s) sent and 0 alert(s) raised.
2026-07-23 05:18:55,352 [ZAP-Scanner-0] INFO  HostProcess - start host https://devsecops360.fusion.co.th | SOAPXMLInjectionActiveScanRule strength MEDIUM threshold MEDIUM
2026-07-23 05:18:55,433 [ZAP-Scanner-0] INFO  User - Authenticating user: svc-devsecops360
2026-07-23 05:18:55,433 [ZAP-Scanner-0] INFO  User - Authentication failed for user: svc-devsecops360
2026-07-23 05:18:55,441 [ZAP-Scanner-0] INFO  User - Authenticating user: svc-devsecops360
2026-07-23 05:18:55,441 [ZAP-Scanner-0] INFO  User - Authentication failed for user: svc-devsecops360
2026-07-23 05:18:55,461 [ZAP-Scanner-0] INFO  HostProcess - completed host/plugin https://devsecops360.fusion.co.th | SOAPXMLInjectionActiveScanRule in 0.109s with 0 message(s) sent and 0 alert(s) raised.
2026-07-23 05:18:55,461 [ZAP-Scanner-0] INFO  HostProcess - start host https://devsecops360.fusion.co.th | HttpsConfigScanRule strength MEDIUM threshold MEDIUM
2026-07-23 05:18:55,463 [ZAP-Scanner-0] INFO  HostProcess - start host https://devsecops360.fusion.co.th | ActiveScriptScanRule strength MEDIUM threshold MEDIUM
2026-07-23 05:18:55,727 [ZAP-Scanner-0] INFO  User - Authenticating user: svc-devsecops360
2026-07-23 05:18:55,727 [ZAP-Scanner-0] INFO  User - Authentication failed for user: svc-devsecops360
2026-07-23 05:18:55,735 [ZAP-Scanner-0] INFO  User - Authenticating user: svc-devsecops360
2026-07-23 05:18:55,736 [ZAP-Scanner-0] INFO  User - Authentication failed for user: svc-devsecops360
2026-07-23 05:18:56,430 [ZAP-ActiveScanner-1] INFO  User - Authenticating user: svc-devsecops360
2026-07-23 05:18:56,430 [ZAP-ActiveScanner-1] INFO  User - Authentication failed for user: svc-devsecops360
2026-07-23 05:18:56,441 [ZAP-ActiveScanner-1] INFO  User - Authenticating user: svc-devsecops360
2026-07-23 05:18:56,441 [ZAP-ActiveScanner-1] INFO  User - Authentication failed for user: svc-devsecops360
2026-07-23 05:18:56,781 [ZAP-ActiveScanner-1] INFO  User - Authenticating user: svc-devsecops360
2026-07-23 05:18:56,781 [ZAP-ActiveScanner-1] INFO  User - Authentication failed for user: svc-devsecops360
2026-07-23 05:18:56,788 [ZAP-ActiveScanner-1] INFO  User - Authenticating user: svc-devsecops360
2026-07-23 05:18:56,788 [ZAP-ActiveScanner-1] INFO  User - Authentication failed for user: svc-devsecops360
2026-07-23 05:18:56,864 [ZAP-ActiveScanner-1] INFO  User - Authenticating user: svc-devsecops360
2026-07-23 05:18:56,864 [ZAP-ActiveScanner-1] INFO  User - Authentication failed for user: svc-devsecops360
2026-07-23 05:18:56,869 [ZAP-ActiveScanner-1] INFO  User - Authenticating user: svc-devsecops360
2026-07-23 05:18:56,870 [ZAP-ActiveScanner-1] INFO  User - Authentication failed for user: svc-devsecops360
2026-07-23 05:18:56,944 [ZAP-ActiveScanner-1] INFO  User - Authenticating user: svc-devsecops360
2026-07-23 05:18:56,944 [ZAP-ActiveScanner-1] INFO  User - Authentication failed for user: svc-devsecops360
2026-07-23 05:18:56,950 [ZAP-ActiveScanner-1] INFO  User - Authenticating user: svc-devsecops360
2026-07-23 05:18:56,950 [ZAP-ActiveScanner-1] INFO  User - Authentication failed for user: svc-devsecops360
2026-07-23 05:18:57,038 [ZAP-ActiveScanner-1] INFO  User - Authenticating user: svc-devsecops360
2026-07-23 05:18:57,039 [ZAP-ActiveScanner-1] INFO  User - Authentication failed for user: svc-devsecops360
2026-07-23 05:18:57,044 [ZAP-ActiveScanner-1] INFO  User - Authenticating user: svc-devsecops360
2026-07-23 05:18:57,044 [ZAP-ActiveScanner-1] INFO  User - Authentication failed for user: svc-devsecops360
2026-07-23 05:18:57,130 [ZAP-ActiveScanner-1] INFO  User - Authenticating user: svc-devsecops360
2026-07-23 05:18:57,130 [ZAP-ActiveScanner-1] INFO  User - Authentication failed for user: svc-devsecops360
2026-07-23 05:18:57,135 [ZAP-ActiveScanner-1] INFO  User - Authenticating user: svc-devsecops360
2026-07-23 05:18:57,136 [ZAP-ActiveScanner-1] INFO  User - Authentication failed for user: svc-devsecops360
2026-07-23 05:18:57,206 [ZAP-ActiveScanner-1] INFO  User - Authenticating user: svc-devsecops360
2026-07-23 05:18:57,206 [ZAP-ActiveScanner-1] INFO  User - Authentication failed for user: svc-devsecops360
2026-07-23 05:18:57,212 [ZAP-ActiveScanner-1] INFO  User - Authenticating user: svc-devsecops360
2026-07-23 05:18:57,212 [ZAP-ActiveScanner-1] INFO  User - Authentication failed for user: svc-devsecops360
2026-07-23 05:18:57,292 [ZAP-ActiveScanner-1] INFO  User - Authenticating user: svc-devsecops360
2026-07-23 05:18:57,292 [ZAP-ActiveScanner-1] INFO  User - Authentication failed for user: svc-devsecops360
2026-07-23 05:18:57,298 [ZAP-ActiveScanner-1] INFO  User - Authenticating user: svc-devsecops360
2026-07-23 05:18:57,298 [ZAP-ActiveScanner-1] INFO  User - Authentication failed for user: svc-devsecops360
2026-07-23 05:18:57,361 [ZAP-ActiveScanner-1] INFO  User - Authenticating user: svc-devsecops360
2026-07-23 05:18:57,361 [ZAP-ActiveScanner-1] INFO  User - Authentication failed for user: svc-devsecops360
2026-07-23 05:18:57,366 [ZAP-ActiveScanner-1] INFO  User - Authenticating user: svc-devsecops360
2026-07-23 05:18:57,366 [ZAP-ActiveScanner-1] INFO  User - Authentication failed for user: svc-devsecops360
2026-07-23 05:18:57,428 [ZAP-ActiveScanner-1] INFO  User - Authenticating user: svc-devsecops360
2026-07-23 05:18:57,428 [ZAP-ActiveScanner-1] INFO  User - Authentication failed for user: svc-devsecops360
2026-07-23 05:18:57,433 [ZAP-ActiveScanner-1] INFO  User - Authenticating user: svc-devsecops360
2026-07-23 05:18:57,433 [ZAP-ActiveScanner-1] INFO  User - Authentication failed for user: svc-devsecops360
2026-07-23 05:18:57,519 [ZAP-ActiveScanner-1] INFO  User - Authenticating user: svc-devsecops360
2026-07-23 05:18:57,519 [ZAP-ActiveScanner-1] INFO  User - Authentication failed for user: svc-devsecops360
2026-07-23 05:18:57,525 [ZAP-ActiveScanner-1] INFO  User - Authenticating user: svc-devsecops360
2026-07-23 05:18:57,525 [ZAP-ActiveScanner-1] INFO  User - Authentication failed for user: svc-devsecops360
2026-07-23 05:18:57,543 [ZAP-ActiveScanner-0] INFO  SSLConnector - Reading supported SSL/TLS protocols...
2026-07-23 05:18:57,544 [ZAP-ActiveScanner-0] INFO  SSLConnector - Using an existing SSLSocket...
2026-07-23 05:18:57,544 [ZAP-ActiveScanner-0] INFO  SSLConnector - Done reading supported SSL/TLS protocols: [SSLv2Hello, SSLv3, TLSv1, TLSv1.1, TLSv1.2, TLSv1.3]
2026-07-23 05:18:57,686 [ZAP-ActiveScanner-1] INFO  User - Authenticating user: svc-devsecops360
2026-07-23 05:18:57,686 [ZAP-ActiveScanner-1] INFO  User - Authentication failed for user: svc-devsecops360
2026-07-23 05:18:57,692 [ZAP-ActiveScanner-1] INFO  User - Authenticating user: svc-devsecops360
2026-07-23 05:18:57,692 [ZAP-ActiveScanner-1] INFO  User - Authentication failed for user: svc-devsecops360
2026-07-23 05:18:59,972 [ZAP-ActiveScanner-0] INFO  HostProcess - completed host/plugin https://devsecops360.fusion.co.th | HttpsConfigScanRule in 4.511s with 0 message(s) sent and 2 alert(s) raised.
2026-07-23 05:18:59,972 [ZAP-Scanner-0] INFO  HostProcess - completed host/plugin https://devsecops360.fusion.co.th | ActiveScriptScanRule in 4.509s with 12 message(s) sent and 0 alert(s) raised.
2026-07-23 05:18:59,973 [ZAP-Scanner-0] INFO  HostProcess - completed host https://devsecops360.fusion.co.th in 47.654s with 14 alert(s) raised.
2026-07-23 05:18:59,973 [Thread-5] INFO  Scanner - scanner with ID 0 completed in 47.664s
2026-07-23 05:19:00,409 [main ] INFO  CommandLine - Job activeScan finished, time taken: 00:00:48
2026-07-23 05:19:00,409 [main ] INFO  CommandLine - Job report started
2026-07-23 05:19:01,762 [main ] INFO  CommandLine - Job report generated report /tmp/dast-output-1636226528/ZAP-Report.json
2026-07-23 05:19:01,763 [main ] INFO  CommandLine - Job report finished, time taken: 00:00:01
2026-07-23 05:19:01,763 [main ] INFO  CommandLine - Job exitStatus started
2026-07-23 05:19:01,763 [main ] INFO  CommandLine - Job exitStatus finished, time taken: 00:00:00
2026-07-23 05:19:01,763 [main ] INFO  CommandLine - Job export started
2026-07-23 05:19:01,795 [main ] INFO  CommandLine - Job export: Exported 9 message(s) / node(s) to /tmp/dast-output-1636226528/ZAP-Sites-Tree.yaml.
2026-07-23 05:19:01,796 [main ] INFO  CommandLine - Job export finished, time taken: 00:00:00
2026-07-23 05:19:01,797 [main ] INFO  CommandLine - Automation plan warnings:
2026-07-23 05:19:01,797 [main ] INFO  CommandLine - 	Unrecognised parameter for job activeScan : policyDefinition
2026-07-23 05:19:01,797 [main ] INFO  Control - Automation Framework setting exit status to 2 due to plan warnings
2026-07-23 05:19:05,004 [main ] INFO  CommandLineBootstrap - ZAP D-2026-07-06 terminated.
